layer_name,layer_type,input_shape,output_shape,param_count,forward_time_ms,gpu_mem_before_mb,gpu_mem_after_mb,gpu_mem_delta_mb,gpu_util_pct,iteration,device
conv_stem,Conv2d,"[1, 3, 224, 224]","[1, 16, 112, 112]",432,0.7916,513.434,514.199,0.766,0.0,0,cpu
bn1.act,Hardswish,"[1, 16, 112, 112]","[1, 16, 112, 112]",0,0.0203,513.434,514.199,0.766,0.0,0,cpu
blocks.0.0.conv_dw,Conv2d,"[1, 16, 112, 112]","[1, 16, 112, 112]",144,0.576,513.434,514.199,0.766,0.0,0,cpu
blocks.0.0.conv_pw,Conv2d,"[1, 16, 112, 112]","[1, 16, 112, 112]",256,1.0206,513.434,514.199,0.766,0.0,0,cpu
blocks.1.0.conv_pw,Conv2d,"[1, 16, 112, 112]","[1, 64, 112, 112]",1024,1.8583,513.434,516.496,3.062,0.0,0,cpu
blocks.1.0.conv_dw,Conv2d,"[1, 64, 112, 112]","[1, 64, 56, 56]",576,0.9818,513.434,514.199,0.766,0.0,0,cpu
blocks.1.0.conv_pwl,Conv2d,"[1, 64, 56, 56]","[1, 24, 56, 56]",1536,0.6685,513.434,513.721,0.287,0.0,0,cpu
blocks.1.1.conv_pw,Conv2d,"[1, 24, 56, 56]","[1, 72, 56, 56]",1728,0.4062,513.434,514.295,0.861,0.0,0,cpu
blocks.1.1.conv_dw,Conv2d,"[1, 72, 56, 56]","[1, 72, 56, 56]",648,0.7007,513.434,514.295,0.861,0.0,0,cpu
blocks.1.1.conv_pwl,Conv2d,"[1, 72, 56, 56]","[1, 24, 56, 56]",1728,0.4881,513.434,513.721,0.287,0.0,0,cpu
blocks.2.0.conv_pw,Conv2d,"[1, 24, 56, 56]","[1, 72, 56, 56]",1728,0.389,513.434,514.295,0.861,0.0,0,cpu
blocks.2.0.conv_dw,Conv2d,"[1, 72, 56, 56]","[1, 72, 28, 28]",1800,0.2927,513.434,513.649,0.215,0.0,0,cpu
blocks.2.0.se.conv_reduce,Conv2d,"[1, 72, 1, 1]","[1, 24, 1, 1]",1752,0.0,513.434,513.434,0.0,0.0,0,cpu
blocks.2.0.se.conv_expand,Conv2d,"[1, 24, 1, 1]","[1, 72, 1, 1]",1800,0.0,513.434,513.434,0.0,0.0,0,cpu
blocks.2.0.se.gate,Hardsigmoid,"[1, 72, 1, 1]","[1, 72, 1, 1]",0,0.0,513.434,513.434,0.0,0.0,0,cpu
blocks.2.0.conv_pwl,Conv2d,"[1, 72, 28, 28]","[1, 40, 28, 28]",2880,0.1719,513.434,513.553,0.12,0.0,0,cpu
blocks.2.1.conv_pw,Conv2d,"[1, 40, 28, 28]","[1, 120, 28, 28]",4800,0.1763,513.434,513.792,0.359,0.0,0,cpu
blocks.2.1.conv_dw,Conv2d,"[1, 120, 28, 28]","[1, 120, 28, 28]",3000,0.2076,513.434,513.792,0.359,0.0,0,cpu
blocks.2.1.se.conv_reduce,Conv2d,"[1, 120, 1, 1]","[1, 32, 1, 1]",3872,0.0,513.434,513.434,0.0,0.0,0,cpu
blocks.2.1.se.conv_expand,Conv2d,"[1, 32, 1, 1]","[1, 120, 1, 1]",3960,0.0,513.434,513.434,0.0,0.0,0,cpu
blocks.2.1.se.gate,Hardsigmoid,"[1, 120, 1, 1]","[1, 120, 1, 1]",0,0.0,513.434,513.434,0.0,0.0,0,cpu
blocks.2.1.conv_pwl,Conv2d,"[1, 120, 28, 28]","[1, 40, 28, 28]",4800,0.184,513.434,513.553,0.12,0.0,0,cpu
blocks.2.2.conv_pw,Conv2d,"[1, 40, 28, 28]","[1, 120, 28, 28]",4800,0.167,513.434,513.792,0.359,0.0,0,cpu
blocks.2.2.conv_dw,Conv2d,"[1, 120, 28, 28]","[1, 120, 28, 28]",3000,0.1717,513.434,513.792,0.359,0.0,0,cpu
blocks.2.2.se.conv_reduce,Conv2d,"[1, 120, 1, 1]","[1, 32, 1, 1]",3872,0.0,513.434,513.434,0.0,0.0,0,cpu
blocks.2.2.se.conv_expand,Conv2d,"[1, 32, 1, 1]","[1, 120, 1, 1]",3960,0.0,513.434,513.434,0.0,0.0,0,cpu
blocks.2.2.se.gate,Hardsigmoid,"[1, 120, 1, 1]","[1, 120, 1, 1]",0,0.0,513.434,513.434,0.0,0.0,0,cpu
blocks.2.2.conv_pwl,Conv2d,"[1, 120, 28, 28]","[1, 40, 28, 28]",4800,0.1719,513.434,513.553,0.12,0.0,0,cpu
blocks.3.0.conv_pw,Conv2d,"[1, 40, 28, 28]","[1, 240, 28, 28]",9600,0.273,513.434,514.151,0.718,0.0,0,cpu
blocks.3.0.bn1.act,Hardswish,"[1, 240, 28, 28]","[1, 240, 28, 28]",0,0.0,513.434,514.151,0.718,0.0,0,cpu
blocks.3.0.conv_dw,Conv2d,"[1, 240, 28, 28]","[1, 240, 14, 14]",2160,0.1773,513.434,513.613,0.179,0.0,0,cpu
blocks.3.0.bn2.act,Hardswish,"[1, 240, 14, 14]","[1, 240, 14, 14]",0,0.0,513.434,513.613,0.179,0.0,0,cpu
blocks.3.0.conv_pwl,Conv2d,"[1, 240, 14, 14]","[1, 80, 14, 14]",19200,0.1324,513.434,513.493,0.06,0.0,0,cpu
blocks.3.1.conv_pw,Conv2d,"[1, 80, 14, 14]","[1, 200, 14, 14]",16000,0.0447,513.434,513.583,0.15,0.0,0,cpu
blocks.3.1.bn1.act,Hardswish,"[1, 200, 14, 14]","[1, 200, 14, 14]",0,0.0,513.434,513.583,0.15,0.0,0,cpu
blocks.3.1.conv_dw,Conv2d,"[1, 200, 14, 14]","[1, 200, 14, 14]",1800,0.1251,513.434,513.583,0.15,0.0,0,cpu
blocks.3.1.bn2.act,Hardswish,"[1, 200, 14, 14]","[1, 200, 14, 14]",0,0.0,513.434,513.583,0.15,0.0,0,cpu
blocks.3.1.conv_pwl,Conv2d,"[1, 200, 14, 14]","[1, 80, 14, 14]",16000,0.1906,513.434,513.493,0.06,0.0,0,cpu
blocks.3.2.conv_pw,Conv2d,"[1, 80, 14, 14]","[1, 184, 14, 14]",14720,0.0524,513.434,513.571,0.138,0.0,0,cpu
blocks.3.2.bn1.act,Hardswish,"[1, 184, 14, 14]","[1, 184, 14, 14]",0,0.0,513.434,513.571,0.138,0.0,0,cpu
blocks.3.2.conv_dw,Conv2d,"[1, 184, 14, 14]","[1, 184, 14, 14]",1656,0.2314,513.434,513.571,0.138,0.0,0,cpu
blocks.3.2.bn2.act,Hardswish,"[1, 184, 14, 14]","[1, 184, 14, 14]",0,0.0,513.434,513.571,0.138,0.0,0,cpu
blocks.3.2.conv_pwl,Conv2d,"[1, 184, 14, 14]","[1, 80, 14, 14]",14720,0.389,513.434,513.493,0.06,0.0,0,cpu
blocks.3.3.conv_pw,Conv2d,"[1, 80, 14, 14]","[1, 184, 14, 14]",14720,0.1329,513.434,513.571,0.138,0.0,0,cpu
blocks.3.3.bn1.act,Hardswish,"[1, 184, 14, 14]","[1, 184, 14, 14]",0,0.0,513.434,513.571,0.138,0.0,0,cpu
blocks.3.3.conv_dw,Conv2d,"[1, 184, 14, 14]","[1, 184, 14, 14]",1656,0.2857,513.434,513.571,0.138,0.0,0,cpu
blocks.3.3.bn2.act,Hardswish,"[1, 184, 14, 14]","[1, 184, 14, 14]",0,0.0,513.434,513.571,0.138,0.0,0,cpu
blocks.3.3.conv_pwl,Conv2d,"[1, 184, 14, 14]","[1, 80, 14, 14]",14720,0.2571,513.434,513.493,0.06,0.0,0,cpu
blocks.4.0.conv_pw,Conv2d,"[1, 80, 14, 14]","[1, 480, 14, 14]",38400,0.1571,513.434,513.792,0.359,0.0,0,cpu
blocks.4.0.bn1.act,Hardswish,"[1, 480, 14, 14]","[1, 480, 14, 14]",0,0.0,513.434,513.792,0.359,0.0,0,cpu
blocks.4.0.conv_dw,Conv2d,"[1, 480, 14, 14]","[1, 480, 14, 14]",4320,0.2934,513.434,513.792,0.359,0.0,0,cpu
blocks.4.0.bn2.act,Hardswish,"[1, 480, 14, 14]","[1, 480, 14, 14]",0,0.0,513.434,513.792,0.359,0.0,0,cpu
blocks.4.0.se.conv_reduce,Conv2d,"[1, 480, 1, 1]","[1, 120, 1, 1]",57720,0.0288,513.434,513.434,0.0,0.0,0,cpu
blocks.4.0.se.conv_expand,Conv2d,"[1, 120, 1, 1]","[1, 480, 1, 1]",58080,0.01,513.434,513.435,0.002,0.0,0,cpu
blocks.4.0.se.gate,Hardsigmoid,"[1, 480, 1, 1]","[1, 480, 1, 1]",0,0.0,513.434,513.435,0.002,0.0,0,cpu
blocks.4.0.conv_pwl,Conv2d,"[1, 480, 14, 14]","[1, 112, 14, 14]",53760,0.4077,513.434,513.517,0.084,0.0,0,cpu
blocks.4.1.conv_pw,Conv2d,"[1, 112, 14, 14]","[1, 672, 14, 14]",75264,0.5649,513.434,513.936,0.502,0.0,0,cpu
blocks.4.1.bn1.act,Hardswish,"[1, 672, 14, 14]","[1, 672, 14, 14]",0,0.0,513.434,513.936,0.502,0.0,0,cpu
blocks.4.1.conv_dw,Conv2d,"[1, 672, 14, 14]","[1, 672, 14, 14]",6048,0.2728,513.434,513.936,0.502,0.0,0,cpu
blocks.4.1.bn2.act,Hardswish,"[1, 672, 14, 14]","[1, 672, 14, 14]",0,0.0,513.434,513.936,0.502,0.0,0,cpu
blocks.4.1.se.conv_reduce,Conv2d,"[1, 672, 1, 1]","[1, 168, 1, 1]",113064,0.0498,513.434,513.434,0.001,0.0,0,cpu
blocks.4.1.se.conv_expand,Conv2d,"[1, 168, 1, 1]","[1, 672, 1, 1]",113568,0.0449,513.434,513.436,0.003,0.0,0,cpu
blocks.4.1.se.gate,Hardsigmoid,"[1, 672, 1, 1]","[1, 672, 1, 1]",0,0.0,513.434,513.436,0.003,0.0,0,cpu
blocks.4.1.conv_pwl,Conv2d,"[1, 672, 14, 14]","[1, 112, 14, 14]",75264,0.4495,513.434,513.517,0.084,0.0,0,cpu
blocks.5.0.conv_pw,Conv2d,"[1, 112, 14, 14]","[1, 672, 14, 14]",75264,0.4743,513.434,513.936,0.502,0.0,0,cpu
blocks.5.0.bn1.act,Hardswish,"[1, 672, 14, 14]","[1, 672, 14, 14]",0,0.0,513.434,513.936,0.502,0.0,0,cpu
blocks.5.0.conv_dw,Conv2d,"[1, 672, 14, 14]","[1, 672, 7, 7]",16800,0.1754,513.434,513.559,0.126,0.0,0,cpu
blocks.5.0.bn2.act,Hardswish,"[1, 672, 7, 7]","[1, 672, 7, 7]",0,0.0,513.434,513.559,0.126,0.0,0,cpu
blocks.5.0.se.conv_reduce,Conv2d,"[1, 672, 1, 1]","[1, 168, 1, 1]",113064,0.0488,513.434,513.434,0.001,0.0,0,cpu
blocks.5.0.se.conv_expand,Conv2d,"[1, 168, 1, 1]","[1, 672, 1, 1]",113568,0.0347,513.434,513.436,0.003,0.0,0,cpu
blocks.5.0.se.gate,Hardsigmoid,"[1, 672, 1, 1]","[1, 672, 1, 1]",0,0.0,513.434,513.436,0.003,0.0,0,cpu
blocks.5.0.conv_pwl,Conv2d,"[1, 672, 7, 7]","[1, 160, 7, 7]",107520,0.3499,513.434,513.464,0.03,0.0,0,cpu
blocks.5.1.conv_pw,Conv2d,"[1, 160, 7, 7]","[1, 960, 7, 7]",153600,0.1836,513.434,513.613,0.179,0.0,0,cpu
blocks.5.1.bn1.act,Hardswish,"[1, 960, 7, 7]","[1, 960, 7, 7]",0,0.0,513.434,513.613,0.179,0.0,0,cpu
blocks.5.1.conv_dw,Conv2d,"[1, 960, 7, 7]","[1, 960, 7, 7]",24000,0.1665,513.434,513.613,0.179,0.0,0,cpu
blocks.5.1.bn2.act,Hardswish,"[1, 960, 7, 7]","[1, 960, 7, 7]",0,0.0,513.434,513.613,0.179,0.0,0,cpu
blocks.5.1.se.conv_reduce,Conv2d,"[1, 960, 1, 1]","[1, 240, 1, 1]",230640,0.1227,513.434,513.435,0.001,0.0,0,cpu
blocks.5.1.se.conv_expand,Conv2d,"[1, 240, 1, 1]","[1, 960, 1, 1]",231360,0.0848,513.434,513.437,0.004,0.0,0,cpu
blocks.5.1.se.gate,Hardsigmoid,"[1, 960, 1, 1]","[1, 960, 1, 1]",0,0.0,513.434,513.437,0.004,0.0,0,cpu
blocks.5.1.conv_pwl,Conv2d,"[1, 960, 7, 7]","[1, 160, 7, 7]",153600,0.3793,513.434,513.464,0.03,0.0,0,cpu
blocks.5.2.conv_pw,Conv2d,"[1, 160, 7, 7]","[1, 960, 7, 7]",153600,0.1612,513.434,513.613,0.179,0.0,0,cpu
blocks.5.2.bn1.act,Hardswish,"[1, 960, 7, 7]","[1, 960, 7, 7]",0,0.0,513.434,513.613,0.179,0.0,0,cpu
blocks.5.2.conv_dw,Conv2d,"[1, 960, 7, 7]","[1, 960, 7, 7]",24000,0.1635,513.434,513.613,0.179,0.0,0,cpu
blocks.5.2.bn2.act,Hardswish,"[1, 960, 7, 7]","[1, 960, 7, 7]",0,0.0,513.434,513.613,0.179,0.0,0,cpu
blocks.5.2.se.conv_reduce,Conv2d,"[1, 960, 1, 1]","[1, 240, 1, 1]",230640,0.1053,513.434,513.435,0.001,0.0,0,cpu
blocks.5.2.se.conv_expand,Conv2d,"[1, 240, 1, 1]","[1, 960, 1, 1]",231360,0.0789,513.434,513.437,0.004,0.0,0,cpu
blocks.5.2.se.gate,Hardsigmoid,"[1, 960, 1, 1]","[1, 960, 1, 1]",0,0.0,513.434,513.437,0.004,0.0,0,cpu
blocks.5.2.conv_pwl,Conv2d,"[1, 960, 7, 7]","[1, 160, 7, 7]",153600,0.355,513.434,513.464,0.03,0.0,0,cpu
blocks.6.0.conv,Conv2d,"[1, 160, 7, 7]","[1, 960, 7, 7]",153600,0.1639,513.434,513.613,0.179,0.0,0,cpu
blocks.6.0.bn1.act,Hardswish,"[1, 960, 7, 7]","[1, 960, 7, 7]",0,0.0,513.434,513.613,0.179,0.0,0,cpu
global_pool.pool,AdaptiveAvgPool2d,"[1, 960, 7, 7]","[1, 960, 1, 1]",0,0.0275,513.434,513.437,0.004,0.0,0,cpu
conv_head,Conv2d,"[1, 960, 1, 1]","[1, 1280, 1, 1]",1230080,0.5879,513.434,513.438,0.005,0.0,0,cpu
act2,Hardswish,"[1, 1280, 1, 1]","[1, 1280, 1, 1]",0,0.0,513.434,513.438,0.005,0.0,0,cpu
flatten,Flatten,"[1, 1280, 1, 1]","[1, 1280]",0,0.0,513.434,513.438,0.005,0.0,0,cpu
classifier,Linear,"[1, 1280]","[1, 1000]",1281000,0.6029,513.434,513.437,0.004,0.0,0,cpu
conv_stem,Conv2d,"[1, 3, 224, 224]","[1, 16, 112, 112]",432,0.8124,513.434,514.199,0.766,0.0,1,cpu
bn1.act,Hardswish,"[1, 16, 112, 112]","[1, 16, 112, 112]",0,0.0247,513.434,514.199,0.766,0.0,1,cpu
blocks.0.0.conv_dw,Conv2d,"[1, 16, 112, 112]","[1, 16, 112, 112]",144,0.6868,513.434,514.199,0.766,0.0,1,cpu
blocks.0.0.conv_pw,Conv2d,"[1, 16, 112, 112]","[1, 16, 112, 112]",256,0.5349,513.434,514.199,0.766,0.0,1,cpu
blocks.1.0.conv_pw,Conv2d,"[1, 16, 112, 112]","[1, 64, 112, 112]",1024,1.7489,513.434,516.496,3.062,0.0,1,cpu
blocks.1.0.conv_dw,Conv2d,"[1, 64, 112, 112]","[1, 64, 56, 56]",576,0.9285,513.434,514.199,0.766,0.0,1,cpu
blocks.1.0.conv_pwl,Conv2d,"[1, 64, 56, 56]","[1, 24, 56, 56]",1536,0.5629,513.434,513.721,0.287,0.0,1,cpu
blocks.1.1.conv_pw,Conv2d,"[1, 24, 56, 56]","[1, 72, 56, 56]",1728,0.4053,513.434,514.295,0.861,0.0,1,cpu
blocks.1.1.conv_dw,Conv2d,"[1, 72, 56, 56]","[1, 72, 56, 56]",648,0.6453,513.434,514.295,0.861,0.0,1,cpu
blocks.1.1.conv_pwl,Conv2d,"[1, 72, 56, 56]","[1, 24, 56, 56]",1728,0.4159,513.434,513.721,0.287,0.0,1,cpu
blocks.2.0.conv_pw,Conv2d,"[1, 24, 56, 56]","[1, 72, 56, 56]",1728,0.53,513.434,514.295,0.861,0.0,1,cpu
blocks.2.0.conv_dw,Conv2d,"[1, 72, 56, 56]","[1, 72, 28, 28]",1800,0.5445,513.434,513.649,0.215,0.0,1,cpu
blocks.2.0.se.conv_reduce,Conv2d,"[1, 72, 1, 1]","[1, 24, 1, 1]",1752,0.0267,513.434,513.434,0.0,0.0,1,cpu
blocks.2.0.se.conv_expand,Conv2d,"[1, 24, 1, 1]","[1, 72, 1, 1]",1800,0.0,513.434,513.434,0.0,0.0,1,cpu
blocks.2.0.se.gate,Hardsigmoid,"[1, 72, 1, 1]","[1, 72, 1, 1]",0,0.0,513.434,513.434,0.0,0.0,1,cpu
blocks.2.0.conv_pwl,Conv2d,"[1, 72, 28, 28]","[1, 40, 28, 28]",2880,0.2514,513.434,513.553,0.12,0.0,1,cpu
blocks.2.1.conv_pw,Conv2d,"[1, 40, 28, 28]","[1, 120, 28, 28]",4800,0.201,513.434,513.792,0.359,0.0,1,cpu
blocks.2.1.conv_dw,Conv2d,"[1, 120, 28, 28]","[1, 120, 28, 28]",3000,0.2108,513.434,513.792,0.359,0.0,1,cpu
blocks.2.1.se.conv_reduce,Conv2d,"[1, 120, 1, 1]","[1, 32, 1, 1]",3872,0.0,513.434,513.434,0.0,0.0,1,cpu
blocks.2.1.se.conv_expand,Conv2d,"[1, 32, 1, 1]","[1, 120, 1, 1]",3960,0.0,513.434,513.434,0.0,0.0,1,cpu
blocks.2.1.se.gate,Hardsigmoid,"[1, 120, 1, 1]","[1, 120, 1, 1]",0,0.0,513.434,513.434,0.0,0.0,1,cpu
blocks.2.1.conv_pwl,Conv2d,"[1, 120, 28, 28]","[1, 40, 28, 28]",4800,0.1863,513.434,513.553,0.12,0.0,1,cpu
blocks.2.2.conv_pw,Conv2d,"[1, 40, 28, 28]","[1, 120, 28, 28]",4800,0.1675,513.434,513.792,0.359,0.0,1,cpu
blocks.2.2.conv_dw,Conv2d,"[1, 120, 28, 28]","[1, 120, 28, 28]",3000,0.6371,513.434,513.792,0.359,0.0,1,cpu
blocks.2.2.se.conv_reduce,Conv2d,"[1, 120, 1, 1]","[1, 32, 1, 1]",3872,0.0,513.434,513.434,0.0,0.0,1,cpu
blocks.2.2.se.conv_expand,Conv2d,"[1, 32, 1, 1]","[1, 120, 1, 1]",3960,0.0,513.434,513.434,0.0,0.0,1,cpu
blocks.2.2.se.gate,Hardsigmoid,"[1, 120, 1, 1]","[1, 120, 1, 1]",0,0.0067,513.434,513.434,0.0,0.0,1,cpu
blocks.2.2.conv_pwl,Conv2d,"[1, 120, 28, 28]","[1, 40, 28, 28]",4800,0.2513,513.434,513.553,0.12,0.0,1,cpu
blocks.3.0.conv_pw,Conv2d,"[1, 40, 28, 28]","[1, 240, 28, 28]",9600,0.6024,513.434,514.151,0.718,0.0,1,cpu
blocks.3.0.bn1.act,Hardswish,"[1, 240, 28, 28]","[1, 240, 28, 28]",0,0.0126,513.434,514.151,0.718,0.0,1,cpu
blocks.3.0.conv_dw,Conv2d,"[1, 240, 28, 28]","[1, 240, 14, 14]",2160,0.316,513.434,513.613,0.179,0.0,1,cpu
blocks.3.0.bn2.act,Hardswish,"[1, 240, 14, 14]","[1, 240, 14, 14]",0,0.0,513.434,513.613,0.179,0.0,1,cpu
blocks.3.0.conv_pwl,Conv2d,"[1, 240, 14, 14]","[1, 80, 14, 14]",19200,0.1875,513.434,513.493,0.06,0.0,1,cpu
blocks.3.1.conv_pw,Conv2d,"[1, 80, 14, 14]","[1, 200, 14, 14]",16000,0.0568,513.434,513.583,0.15,0.0,1,cpu
blocks.3.1.bn1.act,Hardswish,"[1, 200, 14, 14]","[1, 200, 14, 14]",0,0.0,513.434,513.583,0.15,0.0,1,cpu
blocks.3.1.conv_dw,Conv2d,"[1, 200, 14, 14]","[1, 200, 14, 14]",1800,0.1781,513.434,513.583,0.15,0.0,1,cpu
blocks.3.1.bn2.act,Hardswish,"[1, 200, 14, 14]","[1, 200, 14, 14]",0,0.0,513.434,513.583,0.15,0.0,1,cpu
blocks.3.1.conv_pwl,Conv2d,"[1, 200, 14, 14]","[1, 80, 14, 14]",16000,0.1736,513.434,513.493,0.06,0.0,1,cpu
blocks.3.2.conv_pw,Conv2d,"[1, 80, 14, 14]","[1, 184, 14, 14]",14720,0.0318,513.434,513.571,0.138,0.0,1,cpu
blocks.3.2.bn1.act,Hardswish,"[1, 184, 14, 14]","[1, 184, 14, 14]",0,0.0,513.434,513.571,0.138,0.0,1,cpu
blocks.3.2.conv_dw,Conv2d,"[1, 184, 14, 14]","[1, 184, 14, 14]",1656,0.1625,513.434,513.571,0.138,0.0,1,cpu
blocks.3.2.bn2.act,Hardswish,"[1, 184, 14, 14]","[1, 184, 14, 14]",0,0.0,513.434,513.571,0.138,0.0,1,cpu
blocks.3.2.conv_pwl,Conv2d,"[1, 184, 14, 14]","[1, 80, 14, 14]",14720,0.1655,513.434,513.493,0.06,0.0,1,cpu
blocks.3.3.conv_pw,Conv2d,"[1, 80, 14, 14]","[1, 184, 14, 14]",14720,0.0232,513.434,513.571,0.138,0.0,1,cpu
blocks.3.3.bn1.act,Hardswish,"[1, 184, 14, 14]","[1, 184, 14, 14]",0,0.0,513.434,513.571,0.138,0.0,1,cpu
blocks.3.3.conv_dw,Conv2d,"[1, 184, 14, 14]","[1, 184, 14, 14]",1656,0.1451,513.434,513.571,0.138,0.0,1,cpu
blocks.3.3.bn2.act,Hardswish,"[1, 184, 14, 14]","[1, 184, 14, 14]",0,0.0,513.434,513.571,0.138,0.0,1,cpu
blocks.3.3.conv_pwl,Conv2d,"[1, 184, 14, 14]","[1, 80, 14, 14]",14720,0.1572,513.434,513.493,0.06,0.0,1,cpu
blocks.4.0.conv_pw,Conv2d,"[1, 80, 14, 14]","[1, 480, 14, 14]",38400,0.0745,513.434,513.792,0.359,0.0,1,cpu
blocks.4.0.bn1.act,Hardswish,"[1, 480, 14, 14]","[1, 480, 14, 14]",0,0.0,513.434,513.792,0.359,0.0,1,cpu
blocks.4.0.conv_dw,Conv2d,"[1, 480, 14, 14]","[1, 480, 14, 14]",4320,0.1856,513.434,513.792,0.359,0.0,1,cpu
blocks.4.0.bn2.act,Hardswish,"[1, 480, 14, 14]","[1, 480, 14, 14]",0,0.0,513.434,513.792,0.359,0.0,1,cpu
blocks.4.0.se.conv_reduce,Conv2d,"[1, 480, 1, 1]","[1, 120, 1, 1]",57720,0.0161,513.434,513.434,0.0,0.0,1,cpu
blocks.4.0.se.conv_expand,Conv2d,"[1, 120, 1, 1]","[1, 480, 1, 1]",58080,0.0065,513.434,513.435,0.002,0.0,1,cpu
blocks.4.0.se.gate,Hardsigmoid,"[1, 480, 1, 1]","[1, 480, 1, 1]",0,0.0,513.434,513.435,0.002,0.0,1,cpu
blocks.4.0.conv_pwl,Conv2d,"[1, 480, 14, 14]","[1, 112, 14, 14]",53760,0.2911,513.434,513.517,0.084,0.0,1,cpu
blocks.4.1.conv_pw,Conv2d,"[1, 112, 14, 14]","[1, 672, 14, 14]",75264,0.3307,513.434,513.936,0.502,0.0,1,cpu
blocks.4.1.bn1.act,Hardswish,"[1, 672, 14, 14]","[1, 672, 14, 14]",0,0.0,513.434,513.936,0.502,0.0,1,cpu
blocks.4.1.conv_dw,Conv2d,"[1, 672, 14, 14]","[1, 672, 14, 14]",6048,0.2329,513.434,513.936,0.502,0.0,1,cpu
blocks.4.1.bn2.act,Hardswish,"[1, 672, 14, 14]","[1, 672, 14, 14]",0,0.0,513.434,513.936,0.502,0.0,1,cpu
blocks.4.1.se.conv_reduce,Conv2d,"[1, 672, 1, 1]","[1, 168, 1, 1]",113064,0.1712,513.434,513.434,0.001,0.0,1,cpu
blocks.4.1.se.conv_expand,Conv2d,"[1, 168, 1, 1]","[1, 672, 1, 1]",113568,0.0495,513.434,513.436,0.003,0.0,1,cpu
blocks.4.1.se.gate,Hardsigmoid,"[1, 672, 1, 1]","[1, 672, 1, 1]",0,0.0,513.434,513.436,0.003,0.0,1,cpu
blocks.4.1.conv_pwl,Conv2d,"[1, 672, 14, 14]","[1, 112, 14, 14]",75264,0.2929,513.434,513.517,0.084,0.0,1,cpu
blocks.5.0.conv_pw,Conv2d,"[1, 112, 14, 14]","[1, 672, 14, 14]",75264,0.2816,513.434,513.936,0.502,0.0,1,cpu
blocks.5.0.bn1.act,Hardswish,"[1, 672, 14, 14]","[1, 672, 14, 14]",0,0.0,513.434,513.936,0.502,0.0,1,cpu
blocks.5.0.conv_dw,Conv2d,"[1, 672, 14, 14]","[1, 672, 7, 7]",16800,0.1194,513.434,513.559,0.126,0.0,1,cpu
blocks.5.0.bn2.act,Hardswish,"[1, 672, 7, 7]","[1, 672, 7, 7]",0,0.0,513.434,513.559,0.126,0.0,1,cpu
blocks.5.0.se.conv_reduce,Conv2d,"[1, 672, 1, 1]","[1, 168, 1, 1]",113064,0.0286,513.434,513.434,0.001,0.0,1,cpu
blocks.5.0.se.conv_expand,Conv2d,"[1, 168, 1, 1]","[1, 672, 1, 1]",113568,0.016,513.434,513.436,0.003,0.0,1,cpu
blocks.5.0.se.gate,Hardsigmoid,"[1, 672, 1, 1]","[1, 672, 1, 1]",0,0.0,513.434,513.436,0.003,0.0,1,cpu
blocks.5.0.conv_pwl,Conv2d,"[1, 672, 7, 7]","[1, 160, 7, 7]",107520,0.2236,513.434,513.464,0.03,0.0,1,cpu
blocks.5.1.conv_pw,Conv2d,"[1, 160, 7, 7]","[1, 960, 7, 7]",153600,0.1293,513.434,513.613,0.179,0.0,1,cpu
blocks.5.1.bn1.act,Hardswish,"[1, 960, 7, 7]","[1, 960, 7, 7]",0,0.0,513.434,513.613,0.179,0.0,1,cpu
blocks.5.1.conv_dw,Conv2d,"[1, 960, 7, 7]","[1, 960, 7, 7]",24000,0.1225,513.434,513.613,0.179,0.0,1,cpu
blocks.5.1.bn2.act,Hardswish,"[1, 960, 7, 7]","[1, 960, 7, 7]",0,0.0,513.434,513.613,0.179,0.0,1,cpu
blocks.5.1.se.conv_reduce,Conv2d,"[1, 960, 1, 1]","[1, 240, 1, 1]",230640,0.0756,513.434,513.435,0.001,0.0,1,cpu
blocks.5.1.se.conv_expand,Conv2d,"[1, 240, 1, 1]","[1, 960, 1, 1]",231360,0.059,513.434,513.437,0.004,0.0,1,cpu
blocks.5.1.se.gate,Hardsigmoid,"[1, 960, 1, 1]","[1, 960, 1, 1]",0,0.0,513.434,513.437,0.004,0.0,1,cpu
blocks.5.1.conv_pwl,Conv2d,"[1, 960, 7, 7]","[1, 160, 7, 7]",153600,0.2724,513.434,513.464,0.03,0.0,1,cpu
blocks.5.2.conv_pw,Conv2d,"[1, 160, 7, 7]","[1, 960, 7, 7]",153600,0.0929,513.434,513.613,0.179,0.0,1,cpu
blocks.5.2.bn1.act,Hardswish,"[1, 960, 7, 7]","[1, 960, 7, 7]",0,0.0,513.434,513.613,0.179,0.0,1,cpu
blocks.5.2.conv_dw,Conv2d,"[1, 960, 7, 7]","[1, 960, 7, 7]",24000,0.1088,513.434,513.613,0.179,0.0,1,cpu
blocks.5.2.bn2.act,Hardswish,"[1, 960, 7, 7]","[1, 960, 7, 7]",0,0.0,513.434,513.613,0.179,0.0,1,cpu
blocks.5.2.se.conv_reduce,Conv2d,"[1, 960, 1, 1]","[1, 240, 1, 1]",230640,0.0811,513.434,513.435,0.001,0.0,1,cpu
blocks.5.2.se.conv_expand,Conv2d,"[1, 240, 1, 1]","[1, 960, 1, 1]",231360,0.0595,513.434,513.437,0.004,0.0,1,cpu
blocks.5.2.se.gate,Hardsigmoid,"[1, 960, 1, 1]","[1, 960, 1, 1]",0,0.0,513.434,513.437,0.004,0.0,1,cpu
blocks.5.2.conv_pwl,Conv2d,"[1, 960, 7, 7]","[1, 160, 7, 7]",153600,0.2331,513.434,513.464,0.03,0.0,1,cpu
blocks.6.0.conv,Conv2d,"[1, 160, 7, 7]","[1, 960, 7, 7]",153600,0.0925,513.434,513.613,0.179,0.0,1,cpu
blocks.6.0.bn1.act,Hardswish,"[1, 960, 7, 7]","[1, 960, 7, 7]",0,0.0,513.434,513.613,0.179,0.0,1,cpu
global_pool.pool,AdaptiveAvgPool2d,"[1, 960, 7, 7]","[1, 960, 1, 1]",0,0.0233,513.434,513.437,0.004,0.0,1,cpu
conv_head,Conv2d,"[1, 960, 1, 1]","[1, 1280, 1, 1]",1230080,0.4516,513.434,513.438,0.005,0.0,1,cpu
act2,Hardswish,"[1, 1280, 1, 1]","[1, 1280, 1, 1]",0,0.0,513.434,513.438,0.005,0.0,1,cpu
flatten,Flatten,"[1, 1280, 1, 1]","[1, 1280]",0,0.0,513.434,513.438,0.005,0.0,1,cpu
classifier,Linear,"[1, 1280]","[1, 1000]",1281000,0.4231,513.434,513.437,0.004,0.0,1,cpu
conv_stem,Conv2d,"[1, 3, 224, 224]","[1, 16, 112, 112]",432,0.8985,513.434,514.199,0.766,0.0,2,cpu
bn1.act,Hardswish,"[1, 16, 112, 112]","[1, 16, 112, 112]",0,0.0307,513.434,514.199,0.766,0.0,2,cpu
blocks.0.0.conv_dw,Conv2d,"[1, 16, 112, 112]","[1, 16, 112, 112]",144,0.2616,513.434,514.199,0.766,0.0,2,cpu
blocks.0.0.conv_pw,Conv2d,"[1, 16, 112, 112]","[1, 16, 112, 112]",256,0.2636,513.434,514.199,0.766,0.0,2,cpu
blocks.1.0.conv_pw,Conv2d,"[1, 16, 112, 112]","[1, 64, 112, 112]",1024,1.2769,513.434,516.496,3.062,0.0,2,cpu
blocks.1.0.conv_dw,Conv2d,"[1, 64, 112, 112]","[1, 64, 56, 56]",576,0.7217,513.434,514.199,0.766,0.0,2,cpu
blocks.1.0.conv_pwl,Conv2d,"[1, 64, 56, 56]","[1, 24, 56, 56]",1536,0.3977,513.434,513.721,0.287,0.0,2,cpu
blocks.1.1.conv_pw,Conv2d,"[1, 24, 56, 56]","[1, 72, 56, 56]",1728,0.2814,513.434,514.295,0.861,0.0,2,cpu
blocks.1.1.conv_dw,Conv2d,"[1, 72, 56, 56]","[1, 72, 56, 56]",648,0.3736,513.434,514.295,0.861,0.0,2,cpu
blocks.1.1.conv_pwl,Conv2d,"[1, 72, 56, 56]","[1, 24, 56, 56]",1728,0.2685,513.434,513.721,0.287,0.0,2,cpu
blocks.2.0.conv_pw,Conv2d,"[1, 24, 56, 56]","[1, 72, 56, 56]",1728,0.2922,513.434,514.295,0.861,0.0,2,cpu
blocks.2.0.conv_dw,Conv2d,"[1, 72, 56, 56]","[1, 72, 28, 28]",1800,0.2337,513.434,513.649,0.215,0.0,2,cpu
blocks.2.0.se.conv_reduce,Conv2d,"[1, 72, 1, 1]","[1, 24, 1, 1]",1752,0.0,513.434,513.434,0.0,0.0,2,cpu
blocks.2.0.se.conv_expand,Conv2d,"[1, 24, 1, 1]","[1, 72, 1, 1]",1800,0.0,513.434,513.434,0.0,0.0,2,cpu
blocks.2.0.se.gate,Hardsigmoid,"[1, 72, 1, 1]","[1, 72, 1, 1]",0,0.0,513.434,513.434,0.0,0.0,2,cpu
blocks.2.0.conv_pwl,Conv2d,"[1, 72, 28, 28]","[1, 40, 28, 28]",2880,0.14,513.434,513.553,0.12,0.0,2,cpu
blocks.2.1.conv_pw,Conv2d,"[1, 40, 28, 28]","[1, 120, 28, 28]",4800,0.1645,513.434,513.792,0.359,0.0,2,cpu
blocks.2.1.conv_dw,Conv2d,"[1, 120, 28, 28]","[1, 120, 28, 28]",3000,0.1613,513.434,513.792,0.359,0.0,2,cpu
blocks.2.1.se.conv_reduce,Conv2d,"[1, 120, 1, 1]","[1, 32, 1, 1]",3872,0.0,513.434,513.434,0.0,0.0,2,cpu
blocks.2.1.se.conv_expand,Conv2d,"[1, 32, 1, 1]","[1, 120, 1, 1]",3960,0.0,513.434,513.434,0.0,0.0,2,cpu
blocks.2.1.se.gate,Hardsigmoid,"[1, 120, 1, 1]","[1, 120, 1, 1]",0,0.0,513.434,513.434,0.0,0.0,2,cpu
blocks.2.1.conv_pwl,Conv2d,"[1, 120, 28, 28]","[1, 40, 28, 28]",4800,0.1591,513.434,513.553,0.12,0.0,2,cpu
blocks.2.2.conv_pw,Conv2d,"[1, 40, 28, 28]","[1, 120, 28, 28]",4800,0.1478,513.434,513.792,0.359,0.0,2,cpu
blocks.2.2.conv_dw,Conv2d,"[1, 120, 28, 28]","[1, 120, 28, 28]",3000,0.1455,513.434,513.792,0.359,0.0,2,cpu
blocks.2.2.se.conv_reduce,Conv2d,"[1, 120, 1, 1]","[1, 32, 1, 1]",3872,0.0,513.434,513.434,0.0,0.0,2,cpu
blocks.2.2.se.conv_expand,Conv2d,"[1, 32, 1, 1]","[1, 120, 1, 1]",3960,0.0,513.434,513.434,0.0,0.0,2,cpu
blocks.2.2.se.gate,Hardsigmoid,"[1, 120, 1, 1]","[1, 120, 1, 1]",0,0.0,513.434,513.434,0.0,0.0,2,cpu
blocks.2.2.conv_pwl,Conv2d,"[1, 120, 28, 28]","[1, 40, 28, 28]",4800,0.1617,513.434,513.553,0.12,0.0,2,cpu
blocks.3.0.conv_pw,Conv2d,"[1, 40, 28, 28]","[1, 240, 28, 28]",9600,0.2143,513.434,514.151,0.718,0.0,2,cpu
blocks.3.0.bn1.act,Hardswish,"[1, 240, 28, 28]","[1, 240, 28, 28]",0,0.0,513.434,514.151,0.718,0.0,2,cpu
blocks.3.0.conv_dw,Conv2d,"[1, 240, 28, 28]","[1, 240, 14, 14]",2160,0.1108,513.434,513.613,0.179,0.0,2,cpu
blocks.3.0.bn2.act,Hardswish,"[1, 240, 14, 14]","[1, 240, 14, 14]",0,0.0,513.434,513.613,0.179,0.0,2,cpu
blocks.3.0.conv_pwl,Conv2d,"[1, 240, 14, 14]","[1, 80, 14, 14]",19200,0.4383,513.434,513.493,0.06,0.0,2,cpu
blocks.3.1.conv_pw,Conv2d,"[1, 80, 14, 14]","[1, 200, 14, 14]",16000,0.0489,513.434,513.583,0.15,0.0,2,cpu
blocks.3.1.bn1.act,Hardswish,"[1, 200, 14, 14]","[1, 200, 14, 14]",0,0.0,513.434,513.583,0.15,0.0,2,cpu
blocks.3.1.conv_dw,Conv2d,"[1, 200, 14, 14]","[1, 200, 14, 14]",1800,0.1228,513.434,513.583,0.15,0.0,2,cpu
blocks.3.1.bn2.act,Hardswish,"[1, 200, 14, 14]","[1, 200, 14, 14]",0,0.0,513.434,513.583,0.15,0.0,2,cpu
blocks.3.1.conv_pwl,Conv2d,"[1, 200, 14, 14]","[1, 80, 14, 14]",16000,0.1415,513.434,513.493,0.06,0.0,2,cpu
blocks.3.2.conv_pw,Conv2d,"[1, 80, 14, 14]","[1, 184, 14, 14]",14720,0.0233,513.434,513.571,0.138,0.0,2,cpu
blocks.3.2.bn1.act,Hardswish,"[1, 184, 14, 14]","[1, 184, 14, 14]",0,0.0,513.434,513.571,0.138,0.0,2,cpu
blocks.3.2.conv_dw,Conv2d,"[1, 184, 14, 14]","[1, 184, 14, 14]",1656,0.1023,513.434,513.571,0.138,0.0,2,cpu
blocks.3.2.bn2.act,Hardswish,"[1, 184, 14, 14]","[1, 184, 14, 14]",0,0.0,513.434,513.571,0.138,0.0,2,cpu
blocks.3.2.conv_pwl,Conv2d,"[1, 184, 14, 14]","[1, 80, 14, 14]",14720,0.1161,513.434,513.493,0.06,0.0,2,cpu
blocks.3.3.conv_pw,Conv2d,"[1, 80, 14, 14]","[1, 184, 14, 14]",14720,0.0143,513.434,513.571,0.138,0.0,2,cpu
blocks.3.3.bn1.act,Hardswish,"[1, 184, 14, 14]","[1, 184, 14, 14]",0,0.0,513.434,513.571,0.138,0.0,2,cpu
blocks.3.3.conv_dw,Conv2d,"[1, 184, 14, 14]","[1, 184, 14, 14]",1656,0.0948,513.434,513.571,0.138,0.0,2,cpu
blocks.3.3.bn2.act,Hardswish,"[1, 184, 14, 14]","[1, 184, 14, 14]",0,0.0,513.434,513.571,0.138,0.0,2,cpu
blocks.3.3.conv_pwl,Conv2d,"[1, 184, 14, 14]","[1, 80, 14, 14]",14720,0.109,513.434,513.493,0.06,0.0,2,cpu
blocks.4.0.conv_pw,Conv2d,"[1, 80, 14, 14]","[1, 480, 14, 14]",38400,0.0588,513.434,513.792,0.359,0.0,2,cpu
blocks.4.0.bn1.act,Hardswish,"[1, 480, 14, 14]","[1, 480, 14, 14]",0,0.0,513.434,513.792,0.359,0.0,2,cpu
blocks.4.0.conv_dw,Conv2d,"[1, 480, 14, 14]","[1, 480, 14, 14]",4320,0.1226,513.434,513.792,0.359,0.0,2,cpu
blocks.4.0.bn2.act,Hardswish,"[1, 480, 14, 14]","[1, 480, 14, 14]",0,0.0,513.434,513.792,0.359,0.0,2,cpu
blocks.4.0.se.conv_reduce,Conv2d,"[1, 480, 1, 1]","[1, 120, 1, 1]",57720,0.0029,513.434,513.434,0.0,0.0,2,cpu
blocks.4.0.se.conv_expand,Conv2d,"[1, 120, 1, 1]","[1, 480, 1, 1]",58080,0.0,513.434,513.435,0.002,0.0,2,cpu
blocks.4.0.se.gate,Hardsigmoid,"[1, 480, 1, 1]","[1, 480, 1, 1]",0,0.0,513.434,513.435,0.002,0.0,2,cpu
blocks.4.0.conv_pwl,Conv2d,"[1, 480, 14, 14]","[1, 112, 14, 14]",53760,0.2062,513.434,513.517,0.084,0.0,2,cpu
blocks.4.1.conv_pw,Conv2d,"[1, 112, 14, 14]","[1, 672, 14, 14]",75264,0.255,513.434,513.936,0.502,0.0,2,cpu
blocks.4.1.bn1.act,Hardswish,"[1, 672, 14, 14]","[1, 672, 14, 14]",0,0.0,513.434,513.936,0.502,0.0,2,cpu
blocks.4.1.conv_dw,Conv2d,"[1, 672, 14, 14]","[1, 672, 14, 14]",6048,0.1403,513.434,513.936,0.502,0.0,2,cpu
blocks.4.1.bn2.act,Hardswish,"[1, 672, 14, 14]","[1, 672, 14, 14]",0,0.0,513.434,513.936,0.502,0.0,2,cpu
blocks.4.1.se.conv_reduce,Conv2d,"[1, 672, 1, 1]","[1, 168, 1, 1]",113064,0.0197,513.434,513.434,0.001,0.0,2,cpu
blocks.4.1.se.conv_expand,Conv2d,"[1, 168, 1, 1]","[1, 672, 1, 1]",113568,0.0119,513.434,513.436,0.003,0.0,2,cpu
blocks.4.1.se.gate,Hardsigmoid,"[1, 672, 1, 1]","[1, 672, 1, 1]",0,0.0,513.434,513.436,0.003,0.0,2,cpu
blocks.4.1.conv_pwl,Conv2d,"[1, 672, 14, 14]","[1, 112, 14, 14]",75264,0.2559,513.434,513.517,0.084,0.0,2,cpu
blocks.5.0.conv_pw,Conv2d,"[1, 112, 14, 14]","[1, 672, 14, 14]",75264,0.2342,513.434,513.936,0.502,0.0,2,cpu
blocks.5.0.bn1.act,Hardswish,"[1, 672, 14, 14]","[1, 672, 14, 14]",0,0.0,513.434,513.936,0.502,0.0,2,cpu
blocks.5.0.conv_dw,Conv2d,"[1, 672, 14, 14]","[1, 672, 7, 7]",16800,0.1015,513.434,513.559,0.126,0.0,2,cpu
blocks.5.0.bn2.act,Hardswish,"[1, 672, 7, 7]","[1, 672, 7, 7]",0,0.0,513.434,513.559,0.126,0.0,2,cpu
blocks.5.0.se.conv_reduce,Conv2d,"[1, 672, 1, 1]","[1, 168, 1, 1]",113064,0.0111,513.434,513.434,0.001,0.0,2,cpu
blocks.5.0.se.conv_expand,Conv2d,"[1, 168, 1, 1]","[1, 672, 1, 1]",113568,0.0093,513.434,513.436,0.003,0.0,2,cpu
blocks.5.0.se.gate,Hardsigmoid,"[1, 672, 1, 1]","[1, 672, 1, 1]",0,0.0,513.434,513.436,0.003,0.0,2,cpu
blocks.5.0.conv_pwl,Conv2d,"[1, 672, 7, 7]","[1, 160, 7, 7]",107520,0.1899,513.434,513.464,0.03,0.0,2,cpu
blocks.5.1.conv_pw,Conv2d,"[1, 160, 7, 7]","[1, 960, 7, 7]",153600,0.0813,513.434,513.613,0.179,0.0,2,cpu
blocks.5.1.bn1.act,Hardswish,"[1, 960, 7, 7]","[1, 960, 7, 7]",0,0.0,513.434,513.613,0.179,0.0,2,cpu
blocks.5.1.conv_dw,Conv2d,"[1, 960, 7, 7]","[1, 960, 7, 7]",24000,0.0996,513.434,513.613,0.179,0.0,2,cpu
blocks.5.1.bn2.act,Hardswish,"[1, 960, 7, 7]","[1, 960, 7, 7]",0,0.0,513.434,513.613,0.179,0.0,2,cpu
blocks.5.1.se.conv_reduce,Conv2d,"[1, 960, 1, 1]","[1, 240, 1, 1]",230640,0.0617,513.434,513.435,0.001,0.0,2,cpu
blocks.5.1.se.conv_expand,Conv2d,"[1, 240, 1, 1]","[1, 960, 1, 1]",231360,0.0441,513.434,513.437,0.004,0.0,2,cpu
blocks.5.1.se.gate,Hardsigmoid,"[1, 960, 1, 1]","[1, 960, 1, 1]",0,0.0,513.434,513.437,0.004,0.0,2,cpu
blocks.5.1.conv_pwl,Conv2d,"[1, 960, 7, 7]","[1, 160, 7, 7]",153600,0.2439,513.434,513.464,0.03,0.0,2,cpu
blocks.5.2.conv_pw,Conv2d,"[1, 160, 7, 7]","[1, 960, 7, 7]",153600,0.0734,513.434,513.613,0.179,0.0,2,cpu
blocks.5.2.bn1.act,Hardswish,"[1, 960, 7, 7]","[1, 960, 7, 7]",0,0.0,513.434,513.613,0.179,0.0,2,cpu
blocks.5.2.conv_dw,Conv2d,"[1, 960, 7, 7]","[1, 960, 7, 7]",24000,0.1326,513.434,513.613,0.179,0.0,2,cpu
blocks.5.2.bn2.act,Hardswish,"[1, 960, 7, 7]","[1, 960, 7, 7]",0,0.0,513.434,513.613,0.179,0.0,2,cpu
blocks.5.2.se.conv_reduce,Conv2d,"[1, 960, 1, 1]","[1, 240, 1, 1]",230640,0.0503,513.434,513.435,0.001,0.0,2,cpu
blocks.5.2.se.conv_expand,Conv2d,"[1, 240, 1, 1]","[1, 960, 1, 1]",231360,0.0387,513.434,513.437,0.004,0.0,2,cpu
blocks.5.2.se.gate,Hardsigmoid,"[1, 960, 1, 1]","[1, 960, 1, 1]",0,0.0,513.434,513.437,0.004,0.0,2,cpu
blocks.5.2.conv_pwl,Conv2d,"[1, 960, 7, 7]","[1, 160, 7, 7]",153600,0.2281,513.434,513.464,0.03,0.0,2,cpu
blocks.6.0.conv,Conv2d,"[1, 160, 7, 7]","[1, 960, 7, 7]",153600,0.0791,513.434,513.613,0.179,0.0,2,cpu
blocks.6.0.bn1.act,Hardswish,"[1, 960, 7, 7]","[1, 960, 7, 7]",0,0.0,513.434,513.613,0.179,0.0,2,cpu
global_pool.pool,AdaptiveAvgPool2d,"[1, 960, 7, 7]","[1, 960, 1, 1]",0,0.0025,513.434,513.437,0.004,0.0,2,cpu
conv_head,Conv2d,"[1, 960, 1, 1]","[1, 1280, 1, 1]",1230080,0.3547,513.434,513.438,0.005,0.0,2,cpu
act2,Hardswish,"[1, 1280, 1, 1]","[1, 1280, 1, 1]",0,0.0,513.434,513.438,0.005,0.0,2,cpu
flatten,Flatten,"[1, 1280, 1, 1]","[1, 1280]",0,0.0,513.434,513.438,0.005,0.0,2,cpu
classifier,Linear,"[1, 1280]","[1, 1000]",1281000,0.3433,513.434,513.437,0.004,0.0,2,cpu
conv_stem,Conv2d,"[1, 3, 224, 224]","[1, 16, 112, 112]",432,0.4265,513.434,514.199,0.766,0.0,3,cpu
bn1.act,Hardswish,"[1, 16, 112, 112]","[1, 16, 112, 112]",0,0.0,513.434,514.199,0.766,0.0,3,cpu
blocks.0.0.conv_dw,Conv2d,"[1, 16, 112, 112]","[1, 16, 112, 112]",144,0.6235,513.434,514.199,0.766,0.0,3,cpu
blocks.0.0.conv_pw,Conv2d,"[1, 16, 112, 112]","[1, 16, 112, 112]",256,0.8269,513.434,514.199,0.766,0.0,3,cpu
blocks.1.0.conv_pw,Conv2d,"[1, 16, 112, 112]","[1, 64, 112, 112]",1024,2.0515,513.434,516.496,3.062,0.0,3,cpu
blocks.1.0.conv_dw,Conv2d,"[1, 64, 112, 112]","[1, 64, 56, 56]",576,1.1598,513.434,514.199,0.766,0.0,3,cpu
blocks.1.0.conv_pwl,Conv2d,"[1, 64, 56, 56]","[1, 24, 56, 56]",1536,0.5598,513.434,513.721,0.287,0.0,3,cpu
blocks.1.1.conv_pw,Conv2d,"[1, 24, 56, 56]","[1, 72, 56, 56]",1728,0.4808,513.434,514.295,0.861,0.0,3,cpu
blocks.1.1.conv_dw,Conv2d,"[1, 72, 56, 56]","[1, 72, 56, 56]",648,0.6016,513.434,514.295,0.861,0.0,3,cpu
blocks.1.1.conv_pwl,Conv2d,"[1, 72, 56, 56]","[1, 24, 56, 56]",1728,0.4873,513.434,513.721,0.287,0.0,3,cpu
blocks.2.0.conv_pw,Conv2d,"[1, 24, 56, 56]","[1, 72, 56, 56]",1728,0.5183,513.434,514.295,0.861,0.0,3,cpu
blocks.2.0.conv_dw,Conv2d,"[1, 72, 56, 56]","[1, 72, 28, 28]",1800,0.387,513.434,513.649,0.215,0.0,3,cpu
blocks.2.0.se.conv_reduce,Conv2d,"[1, 72, 1, 1]","[1, 24, 1, 1]",1752,0.0034,513.434,513.434,0.0,0.0,3,cpu
blocks.2.0.se.conv_expand,Conv2d,"[1, 24, 1, 1]","[1, 72, 1, 1]",1800,0.0,513.434,513.434,0.0,0.0,3,cpu
blocks.2.0.se.gate,Hardsigmoid,"[1, 72, 1, 1]","[1, 72, 1, 1]",0,0.0,513.434,513.434,0.0,0.0,3,cpu
blocks.2.0.conv_pwl,Conv2d,"[1, 72, 28, 28]","[1, 40, 28, 28]",2880,0.2222,513.434,513.553,0.12,0.0,3,cpu
blocks.2.1.conv_pw,Conv2d,"[1, 40, 28, 28]","[1, 120, 28, 28]",4800,0.2563,513.434,513.792,0.359,0.0,3,cpu
blocks.2.1.conv_dw,Conv2d,"[1, 120, 28, 28]","[1, 120, 28, 28]",3000,0.2942,513.434,513.792,0.359,0.0,3,cpu
blocks.2.1.se.conv_reduce,Conv2d,"[1, 120, 1, 1]","[1, 32, 1, 1]",3872,0.0,513.434,513.434,0.0,0.0,3,cpu
blocks.2.1.se.conv_expand,Conv2d,"[1, 32, 1, 1]","[1, 120, 1, 1]",3960,0.0,513.434,513.434,0.0,0.0,3,cpu
blocks.2.1.se.gate,Hardsigmoid,"[1, 120, 1, 1]","[1, 120, 1, 1]",0,0.0,513.434,513.434,0.0,0.0,3,cpu
blocks.2.1.conv_pwl,Conv2d,"[1, 120, 28, 28]","[1, 40, 28, 28]",4800,0.2705,513.434,513.553,0.12,0.0,3,cpu
blocks.2.2.conv_pw,Conv2d,"[1, 40, 28, 28]","[1, 120, 28, 28]",4800,0.2575,513.434,513.792,0.359,0.0,3,cpu
blocks.2.2.conv_dw,Conv2d,"[1, 120, 28, 28]","[1, 120, 28, 28]",3000,0.2469,513.434,513.792,0.359,0.0,3,cpu
blocks.2.2.se.conv_reduce,Conv2d,"[1, 120, 1, 1]","[1, 32, 1, 1]",3872,0.0,513.434,513.434,0.0,0.0,3,cpu
blocks.2.2.se.conv_expand,Conv2d,"[1, 32, 1, 1]","[1, 120, 1, 1]",3960,0.0,513.434,513.434,0.0,0.0,3,cpu
blocks.2.2.se.gate,Hardsigmoid,"[1, 120, 1, 1]","[1, 120, 1, 1]",0,0.0,513.434,513.434,0.0,0.0,3,cpu
blocks.2.2.conv_pwl,Conv2d,"[1, 120, 28, 28]","[1, 40, 28, 28]",4800,0.249,513.434,513.553,0.12,0.0,3,cpu
blocks.3.0.conv_pw,Conv2d,"[1, 40, 28, 28]","[1, 240, 28, 28]",9600,0.3359,513.434,514.151,0.718,0.0,3,cpu
blocks.3.0.bn1.act,Hardswish,"[1, 240, 28, 28]","[1, 240, 28, 28]",0,0.0022,513.434,514.151,0.718,0.0,3,cpu
blocks.3.0.conv_dw,Conv2d,"[1, 240, 28, 28]","[1, 240, 14, 14]",2160,0.187,513.434,513.613,0.179,0.0,3,cpu
blocks.3.0.bn2.act,Hardswish,"[1, 240, 14, 14]","[1, 240, 14, 14]",0,0.0,513.434,513.613,0.179,0.0,3,cpu
blocks.3.0.conv_pwl,Conv2d,"[1, 240, 14, 14]","[1, 80, 14, 14]",19200,0.1828,513.434,513.493,0.06,0.0,3,cpu
blocks.3.1.conv_pw,Conv2d,"[1, 80, 14, 14]","[1, 200, 14, 14]",16000,0.0675,513.434,513.583,0.15,0.0,3,cpu
blocks.3.1.bn1.act,Hardswish,"[1, 200, 14, 14]","[1, 200, 14, 14]",0,0.0,513.434,513.583,0.15,0.0,3,cpu
blocks.3.1.conv_dw,Conv2d,"[1, 200, 14, 14]","[1, 200, 14, 14]",1800,0.152,513.434,513.583,0.15,0.0,3,cpu
blocks.3.1.bn2.act,Hardswish,"[1, 200, 14, 14]","[1, 200, 14, 14]",0,0.0,513.434,513.583,0.15,0.0,3,cpu
blocks.3.1.conv_pwl,Conv2d,"[1, 200, 14, 14]","[1, 80, 14, 14]",16000,0.1896,513.434,513.493,0.06,0.0,3,cpu
blocks.3.2.conv_pw,Conv2d,"[1, 80, 14, 14]","[1, 184, 14, 14]",14720,0.0572,513.434,513.571,0.138,0.0,3,cpu
blocks.3.2.bn1.act,Hardswish,"[1, 184, 14, 14]","[1, 184, 14, 14]",0,0.0,513.434,513.571,0.138,0.0,3,cpu
blocks.3.2.conv_dw,Conv2d,"[1, 184, 14, 14]","[1, 184, 14, 14]",1656,0.1209,513.434,513.571,0.138,0.0,3,cpu
blocks.3.2.bn2.act,Hardswish,"[1, 184, 14, 14]","[1, 184, 14, 14]",0,0.0,513.434,513.571,0.138,0.0,3,cpu
blocks.3.2.conv_pwl,Conv2d,"[1, 184, 14, 14]","[1, 80, 14, 14]",14720,0.1654,513.434,513.493,0.06,0.0,3,cpu
blocks.3.3.conv_pw,Conv2d,"[1, 80, 14, 14]","[1, 184, 14, 14]",14720,0.0344,513.434,513.571,0.138,0.0,3,cpu
blocks.3.3.bn1.act,Hardswish,"[1, 184, 14, 14]","[1, 184, 14, 14]",0,0.0,513.434,513.571,0.138,0.0,3,cpu
blocks.3.3.conv_dw,Conv2d,"[1, 184, 14, 14]","[1, 184, 14, 14]",1656,0.1386,513.434,513.571,0.138,0.0,3,cpu
blocks.3.3.bn2.act,Hardswish,"[1, 184, 14, 14]","[1, 184, 14, 14]",0,0.0,513.434,513.571,0.138,0.0,3,cpu
blocks.3.3.conv_pwl,Conv2d,"[1, 184, 14, 14]","[1, 80, 14, 14]",14720,0.1126,513.434,513.493,0.06,0.0,3,cpu
blocks.4.0.conv_pw,Conv2d,"[1, 80, 14, 14]","[1, 480, 14, 14]",38400,0.064,513.434,513.792,0.359,0.0,3,cpu
blocks.4.0.bn1.act,Hardswish,"[1, 480, 14, 14]","[1, 480, 14, 14]",0,0.0,513.434,513.792,0.359,0.0,3,cpu
blocks.4.0.conv_dw,Conv2d,"[1, 480, 14, 14]","[1, 480, 14, 14]",4320,0.1171,513.434,513.792,0.359,0.0,3,cpu
blocks.4.0.bn2.act,Hardswish,"[1, 480, 14, 14]","[1, 480, 14, 14]",0,0.0,513.434,513.792,0.359,0.0,3,cpu
blocks.4.0.se.conv_reduce,Conv2d,"[1, 480, 1, 1]","[1, 120, 1, 1]",57720,0.0006,513.434,513.434,0.0,0.0,3,cpu
blocks.4.0.se.conv_expand,Conv2d,"[1, 120, 1, 1]","[1, 480, 1, 1]",58080,0.0,513.434,513.435,0.002,0.0,3,cpu
blocks.4.0.se.gate,Hardsigmoid,"[1, 480, 1, 1]","[1, 480, 1, 1]",0,0.0,513.434,513.435,0.002,0.0,3,cpu
blocks.4.0.conv_pwl,Conv2d,"[1, 480, 14, 14]","[1, 112, 14, 14]",53760,0.2076,513.434,513.517,0.084,0.0,3,cpu
blocks.4.1.conv_pw,Conv2d,"[1, 112, 14, 14]","[1, 672, 14, 14]",75264,0.2428,513.434,513.936,0.502,0.0,3,cpu
blocks.4.1.bn1.act,Hardswish,"[1, 672, 14, 14]","[1, 672, 14, 14]",0,0.0,513.434,513.936,0.502,0.0,3,cpu
blocks.4.1.conv_dw,Conv2d,"[1, 672, 14, 14]","[1, 672, 14, 14]",6048,0.1397,513.434,513.936,0.502,0.0,3,cpu
blocks.4.1.bn2.act,Hardswish,"[1, 672, 14, 14]","[1, 672, 14, 14]",0,0.0,513.434,513.936,0.502,0.0,3,cpu
blocks.4.1.se.conv_reduce,Conv2d,"[1, 672, 1, 1]","[1, 168, 1, 1]",113064,0.0186,513.434,513.434,0.001,0.0,3,cpu
blocks.4.1.se.conv_expand,Conv2d,"[1, 168, 1, 1]","[1, 672, 1, 1]",113568,0.0112,513.434,513.436,0.003,0.0,3,cpu
blocks.4.1.se.gate,Hardsigmoid,"[1, 672, 1, 1]","[1, 672, 1, 1]",0,0.0,513.434,513.436,0.003,0.0,3,cpu
blocks.4.1.conv_pwl,Conv2d,"[1, 672, 14, 14]","[1, 112, 14, 14]",75264,0.2477,513.434,513.517,0.084,0.0,3,cpu
blocks.5.0.conv_pw,Conv2d,"[1, 112, 14, 14]","[1, 672, 14, 14]",75264,0.2302,513.434,513.936,0.502,0.0,3,cpu
blocks.5.0.bn1.act,Hardswish,"[1, 672, 14, 14]","[1, 672, 14, 14]",0,0.0,513.434,513.936,0.502,0.0,3,cpu
blocks.5.0.conv_dw,Conv2d,"[1, 672, 14, 14]","[1, 672, 7, 7]",16800,0.0996,513.434,513.559,0.126,0.0,3,cpu
blocks.5.0.bn2.act,Hardswish,"[1, 672, 7, 7]","[1, 672, 7, 7]",0,0.0,513.434,513.559,0.126,0.0,3,cpu
blocks.5.0.se.conv_reduce,Conv2d,"[1, 672, 1, 1]","[1, 168, 1, 1]",113064,0.0091,513.434,513.434,0.001,0.0,3,cpu
blocks.5.0.se.conv_expand,Conv2d,"[1, 168, 1, 1]","[1, 672, 1, 1]",113568,0.0041,513.434,513.436,0.003,0.0,3,cpu
blocks.5.0.se.gate,Hardsigmoid,"[1, 672, 1, 1]","[1, 672, 1, 1]",0,0.0,513.434,513.436,0.003,0.0,3,cpu
blocks.5.0.conv_pwl,Conv2d,"[1, 672, 7, 7]","[1, 160, 7, 7]",107520,0.1839,513.434,513.464,0.03,0.0,3,cpu
blocks.5.1.conv_pw,Conv2d,"[1, 160, 7, 7]","[1, 960, 7, 7]",153600,0.0795,513.434,513.613,0.179,0.0,3,cpu
blocks.5.1.bn1.act,Hardswish,"[1, 960, 7, 7]","[1, 960, 7, 7]",0,0.0,513.434,513.613,0.179,0.0,3,cpu
blocks.5.1.conv_dw,Conv2d,"[1, 960, 7, 7]","[1, 960, 7, 7]",24000,0.0985,513.434,513.613,0.179,0.0,3,cpu
blocks.5.1.bn2.act,Hardswish,"[1, 960, 7, 7]","[1, 960, 7, 7]",0,0.0,513.434,513.613,0.179,0.0,3,cpu
blocks.5.1.se.conv_reduce,Conv2d,"[1, 960, 1, 1]","[1, 240, 1, 1]",230640,0.051,513.434,513.435,0.001,0.0,3,cpu
blocks.5.1.se.conv_expand,Conv2d,"[1, 240, 1, 1]","[1, 960, 1, 1]",231360,0.0384,513.434,513.437,0.004,0.0,3,cpu
blocks.5.1.se.gate,Hardsigmoid,"[1, 960, 1, 1]","[1, 960, 1, 1]",0,0.0,513.434,513.437,0.004,0.0,3,cpu
blocks.5.1.conv_pwl,Conv2d,"[1, 960, 7, 7]","[1, 160, 7, 7]",153600,0.2105,513.434,513.464,0.03,0.0,3,cpu
blocks.5.2.conv_pw,Conv2d,"[1, 160, 7, 7]","[1, 960, 7, 7]",153600,0.0731,513.434,513.613,0.179,0.0,3,cpu
blocks.5.2.bn1.act,Hardswish,"[1, 960, 7, 7]","[1, 960, 7, 7]",0,0.0,513.434,513.613,0.179,0.0,3,cpu
blocks.5.2.conv_dw,Conv2d,"[1, 960, 7, 7]","[1, 960, 7, 7]",24000,0.0954,513.434,513.613,0.179,0.0,3,cpu
blocks.5.2.bn2.act,Hardswish,"[1, 960, 7, 7]","[1, 960, 7, 7]",0,0.0,513.434,513.613,0.179,0.0,3,cpu
blocks.5.2.se.conv_reduce,Conv2d,"[1, 960, 1, 1]","[1, 240, 1, 1]",230640,0.0501,513.434,513.435,0.001,0.0,3,cpu
blocks.5.2.se.conv_expand,Conv2d,"[1, 240, 1, 1]","[1, 960, 1, 1]",231360,0.0365,513.434,513.437,0.004,0.0,3,cpu
blocks.5.2.se.gate,Hardsigmoid,"[1, 960, 1, 1]","[1, 960, 1, 1]",0,0.0,513.434,513.437,0.004,0.0,3,cpu
blocks.5.2.conv_pwl,Conv2d,"[1, 960, 7, 7]","[1, 160, 7, 7]",153600,0.199,513.434,513.464,0.03,0.0,3,cpu
blocks.6.0.conv,Conv2d,"[1, 160, 7, 7]","[1, 960, 7, 7]",153600,0.0726,513.434,513.613,0.179,0.0,3,cpu
blocks.6.0.bn1.act,Hardswish,"[1, 960, 7, 7]","[1, 960, 7, 7]",0,0.0,513.434,513.613,0.179,0.0,3,cpu
global_pool.pool,AdaptiveAvgPool2d,"[1, 960, 7, 7]","[1, 960, 1, 1]",0,0.0014,513.434,513.437,0.004,0.0,3,cpu
conv_head,Conv2d,"[1, 960, 1, 1]","[1, 1280, 1, 1]",1230080,0.3628,513.434,513.438,0.005,0.0,3,cpu
act2,Hardswish,"[1, 1280, 1, 1]","[1, 1280, 1, 1]",0,0.0,513.434,513.438,0.005,0.0,3,cpu
flatten,Flatten,"[1, 1280, 1, 1]","[1, 1280]",0,0.0,513.434,513.438,0.005,0.0,3,cpu
classifier,Linear,"[1, 1280]","[1, 1000]",1281000,0.3371,513.434,513.437,0.004,0.0,3,cpu
conv_stem,Conv2d,"[1, 3, 224, 224]","[1, 16, 112, 112]",432,0.5065,513.434,514.199,0.766,0.0,4,cpu
bn1.act,Hardswish,"[1, 16, 112, 112]","[1, 16, 112, 112]",0,0.0,513.434,514.199,0.766,0.0,4,cpu
blocks.0.0.conv_dw,Conv2d,"[1, 16, 112, 112]","[1, 16, 112, 112]",144,0.3284,513.434,514.199,0.766,0.0,4,cpu
blocks.0.0.conv_pw,Conv2d,"[1, 16, 112, 112]","[1, 16, 112, 112]",256,0.2339,513.434,514.199,0.766,0.0,4,cpu
blocks.1.0.conv_pw,Conv2d,"[1, 16, 112, 112]","[1, 64, 112, 112]",1024,2.0794,513.434,516.496,3.062,0.0,4,cpu
blocks.1.0.conv_dw,Conv2d,"[1, 64, 112, 112]","[1, 64, 56, 56]",576,0.8328,513.434,514.199,0.766,0.0,4,cpu
blocks.1.0.conv_pwl,Conv2d,"[1, 64, 56, 56]","[1, 24, 56, 56]",1536,0.4054,513.434,513.721,0.287,0.0,4,cpu
blocks.1.1.conv_pw,Conv2d,"[1, 24, 56, 56]","[1, 72, 56, 56]",1728,0.2788,513.434,514.295,0.861,0.0,4,cpu
blocks.1.1.conv_dw,Conv2d,"[1, 72, 56, 56]","[1, 72, 56, 56]",648,0.3609,513.434,514.295,0.861,0.0,4,cpu
blocks.1.1.conv_pwl,Conv2d,"[1, 72, 56, 56]","[1, 24, 56, 56]",1728,0.2651,513.434,513.721,0.287,0.0,4,cpu
blocks.2.0.conv_pw,Conv2d,"[1, 24, 56, 56]","[1, 72, 56, 56]",1728,0.287,513.434,514.295,0.861,0.0,4,cpu
blocks.2.0.conv_dw,Conv2d,"[1, 72, 56, 56]","[1, 72, 28, 28]",1800,0.231,513.434,513.649,0.215,0.0,4,cpu
blocks.2.0.se.conv_reduce,Conv2d,"[1, 72, 1, 1]","[1, 24, 1, 1]",1752,0.0,513.434,513.434,0.0,0.0,4,cpu
blocks.2.0.se.conv_expand,Conv2d,"[1, 24, 1, 1]","[1, 72, 1, 1]",1800,0.0,513.434,513.434,0.0,0.0,4,cpu
blocks.2.0.se.gate,Hardsigmoid,"[1, 72, 1, 1]","[1, 72, 1, 1]",0,0.0,513.434,513.434,0.0,0.0,4,cpu
blocks.2.0.conv_pwl,Conv2d,"[1, 72, 28, 28]","[1, 40, 28, 28]",2880,0.1377,513.434,513.553,0.12,0.0,4,cpu
blocks.2.1.conv_pw,Conv2d,"[1, 40, 28, 28]","[1, 120, 28, 28]",4800,0.1544,513.434,513.792,0.359,0.0,4,cpu
blocks.2.1.conv_dw,Conv2d,"[1, 120, 28, 28]","[1, 120, 28, 28]",3000,0.1597,513.434,513.792,0.359,0.0,4,cpu
blocks.2.1.se.conv_reduce,Conv2d,"[1, 120, 1, 1]","[1, 32, 1, 1]",3872,0.0,513.434,513.434,0.0,0.0,4,cpu
blocks.2.1.se.conv_expand,Conv2d,"[1, 32, 1, 1]","[1, 120, 1, 1]",3960,0.0,513.434,513.434,0.0,0.0,4,cpu
blocks.2.1.se.gate,Hardsigmoid,"[1, 120, 1, 1]","[1, 120, 1, 1]",0,0.0,513.434,513.434,0.0,0.0,4,cpu
blocks.2.1.conv_pwl,Conv2d,"[1, 120, 28, 28]","[1, 40, 28, 28]",4800,0.1605,513.434,513.553,0.12,0.0,4,cpu
blocks.2.2.conv_pw,Conv2d,"[1, 40, 28, 28]","[1, 120, 28, 28]",4800,0.1524,513.434,513.792,0.359,0.0,4,cpu
blocks.2.2.conv_dw,Conv2d,"[1, 120, 28, 28]","[1, 120, 28, 28]",3000,0.1455,513.434,513.792,0.359,0.0,4,cpu
blocks.2.2.se.conv_reduce,Conv2d,"[1, 120, 1, 1]","[1, 32, 1, 1]",3872,0.0,513.434,513.434,0.0,0.0,4,cpu
blocks.2.2.se.conv_expand,Conv2d,"[1, 32, 1, 1]","[1, 120, 1, 1]",3960,0.0,513.434,513.434,0.0,0.0,4,cpu
blocks.2.2.se.gate,Hardsigmoid,"[1, 120, 1, 1]","[1, 120, 1, 1]",0,0.0,513.434,513.434,0.0,0.0,4,cpu
blocks.2.2.conv_pwl,Conv2d,"[1, 120, 28, 28]","[1, 40, 28, 28]",4800,0.1549,513.434,513.553,0.12,0.0,4,cpu
blocks.3.0.conv_pw,Conv2d,"[1, 40, 28, 28]","[1, 240, 28, 28]",9600,0.2085,513.434,514.151,0.718,0.0,4,cpu
blocks.3.0.bn1.act,Hardswish,"[1, 240, 28, 28]","[1, 240, 28, 28]",0,0.0,513.434,514.151,0.718,0.0,4,cpu
blocks.3.0.conv_dw,Conv2d,"[1, 240, 28, 28]","[1, 240, 14, 14]",2160,0.1114,513.434,513.613,0.179,0.0,4,cpu
blocks.3.0.bn2.act,Hardswish,"[1, 240, 14, 14]","[1, 240, 14, 14]",0,0.0,513.434,513.613,0.179,0.0,4,cpu
blocks.3.0.conv_pwl,Conv2d,"[1, 240, 14, 14]","[1, 80, 14, 14]",19200,0.1139,513.434,513.493,0.06,0.0,4,cpu
blocks.3.1.conv_pw,Conv2d,"[1, 80, 14, 14]","[1, 200, 14, 14]",16000,0.0337,513.434,513.583,0.15,0.0,4,cpu
blocks.3.1.bn1.act,Hardswish,"[1, 200, 14, 14]","[1, 200, 14, 14]",0,0.0,513.434,513.583,0.15,0.0,4,cpu
blocks.3.1.conv_dw,Conv2d,"[1, 200, 14, 14]","[1, 200, 14, 14]",1800,0.1001,513.434,513.583,0.15,0.0,4,cpu
blocks.3.1.bn2.act,Hardswish,"[1, 200, 14, 14]","[1, 200, 14, 14]",0,0.0,513.434,513.583,0.15,0.0,4,cpu
blocks.3.1.conv_pwl,Conv2d,"[1, 200, 14, 14]","[1, 80, 14, 14]",16000,0.1185,513.434,513.493,0.06,0.0,4,cpu
blocks.3.2.conv_pw,Conv2d,"[1, 80, 14, 14]","[1, 184, 14, 14]",14720,0.0206,513.434,513.571,0.138,0.0,4,cpu
blocks.3.2.bn1.act,Hardswish,"[1, 184, 14, 14]","[1, 184, 14, 14]",0,0.0,513.434,513.571,0.138,0.0,4,cpu
blocks.3.2.conv_dw,Conv2d,"[1, 184, 14, 14]","[1, 184, 14, 14]",1656,0.0954,513.434,513.571,0.138,0.0,4,cpu
blocks.3.2.bn2.act,Hardswish,"[1, 184, 14, 14]","[1, 184, 14, 14]",0,0.0,513.434,513.571,0.138,0.0,4,cpu
blocks.3.2.conv_pwl,Conv2d,"[1, 184, 14, 14]","[1, 80, 14, 14]",14720,0.1102,513.434,513.493,0.06,0.0,4,cpu
blocks.3.3.conv_pw,Conv2d,"[1, 80, 14, 14]","[1, 184, 14, 14]",14720,0.0137,513.434,513.571,0.138,0.0,4,cpu
blocks.3.3.bn1.act,Hardswish,"[1, 184, 14, 14]","[1, 184, 14, 14]",0,0.0,513.434,513.571,0.138,0.0,4,cpu
blocks.3.3.conv_dw,Conv2d,"[1, 184, 14, 14]","[1, 184, 14, 14]",1656,0.091,513.434,513.571,0.138,0.0,4,cpu
blocks.3.3.bn2.act,Hardswish,"[1, 184, 14, 14]","[1, 184, 14, 14]",0,0.0,513.434,513.571,0.138,0.0,4,cpu
blocks.3.3.conv_pwl,Conv2d,"[1, 184, 14, 14]","[1, 80, 14, 14]",14720,0.1068,513.434,513.493,0.06,0.0,4,cpu
blocks.4.0.conv_pw,Conv2d,"[1, 80, 14, 14]","[1, 480, 14, 14]",38400,0.0596,513.434,513.792,0.359,0.0,4,cpu
blocks.4.0.bn1.act,Hardswish,"[1, 480, 14, 14]","[1, 480, 14, 14]",0,0.0,513.434,513.792,0.359,0.0,4,cpu
blocks.4.0.conv_dw,Conv2d,"[1, 480, 14, 14]","[1, 480, 14, 14]",4320,0.1099,513.434,513.792,0.359,0.0,4,cpu
blocks.4.0.bn2.act,Hardswish,"[1, 480, 14, 14]","[1, 480, 14, 14]",0,0.0,513.434,513.792,0.359,0.0,4,cpu
blocks.4.0.se.conv_reduce,Conv2d,"[1, 480, 1, 1]","[1, 120, 1, 1]",57720,0.0,513.434,513.434,0.0,0.0,4,cpu
blocks.4.0.se.conv_expand,Conv2d,"[1, 120, 1, 1]","[1, 480, 1, 1]",58080,0.0,513.434,513.435,0.002,0.0,4,cpu
blocks.4.0.se.gate,Hardsigmoid,"[1, 480, 1, 1]","[1, 480, 1, 1]",0,0.0,513.434,513.435,0.002,0.0,4,cpu
blocks.4.0.conv_pwl,Conv2d,"[1, 480, 14, 14]","[1, 112, 14, 14]",53760,0.1998,513.434,513.517,0.084,0.0,4,cpu
blocks.4.1.conv_pw,Conv2d,"[1, 112, 14, 14]","[1, 672, 14, 14]",75264,0.2486,513.434,513.936,0.502,0.0,4,cpu
blocks.4.1.bn1.act,Hardswish,"[1, 672, 14, 14]","[1, 672, 14, 14]",0,0.0,513.434,513.936,0.502,0.0,4,cpu
blocks.4.1.conv_dw,Conv2d,"[1, 672, 14, 14]","[1, 672, 14, 14]",6048,0.151,513.434,513.936,0.502,0.0,4,cpu
blocks.4.1.bn2.act,Hardswish,"[1, 672, 14, 14]","[1, 672, 14, 14]",0,0.0,513.434,513.936,0.502,0.0,4,cpu
blocks.4.1.se.conv_reduce,Conv2d,"[1, 672, 1, 1]","[1, 168, 1, 1]",113064,0.0206,513.434,513.434,0.001,0.0,4,cpu
blocks.4.1.se.conv_expand,Conv2d,"[1, 168, 1, 1]","[1, 672, 1, 1]",113568,0.0109,513.434,513.436,0.003,0.0,4,cpu
blocks.4.1.se.gate,Hardsigmoid,"[1, 672, 1, 1]","[1, 672, 1, 1]",0,0.0,513.434,513.436,0.003,0.0,4,cpu
blocks.4.1.conv_pwl,Conv2d,"[1, 672, 14, 14]","[1, 112, 14, 14]",75264,0.2474,513.434,513.517,0.084,0.0,4,cpu
blocks.5.0.conv_pw,Conv2d,"[1, 112, 14, 14]","[1, 672, 14, 14]",75264,0.2291,513.434,513.936,0.502,0.0,4,cpu
blocks.5.0.bn1.act,Hardswish,"[1, 672, 14, 14]","[1, 672, 14, 14]",0,0.0,513.434,513.936,0.502,0.0,4,cpu
blocks.5.0.conv_dw,Conv2d,"[1, 672, 14, 14]","[1, 672, 7, 7]",16800,0.1017,513.434,513.559,0.126,0.0,4,cpu
blocks.5.0.bn2.act,Hardswish,"[1, 672, 7, 7]","[1, 672, 7, 7]",0,0.0,513.434,513.559,0.126,0.0,4,cpu
blocks.5.0.se.conv_reduce,Conv2d,"[1, 672, 1, 1]","[1, 168, 1, 1]",113064,0.0097,513.434,513.434,0.001,0.0,4,cpu
blocks.5.0.se.conv_expand,Conv2d,"[1, 168, 1, 1]","[1, 672, 1, 1]",113568,0.004,513.434,513.436,0.003,0.0,4,cpu
blocks.5.0.se.gate,Hardsigmoid,"[1, 672, 1, 1]","[1, 672, 1, 1]",0,0.0,513.434,513.436,0.003,0.0,4,cpu
blocks.5.0.conv_pwl,Conv2d,"[1, 672, 7, 7]","[1, 160, 7, 7]",107520,0.1842,513.434,513.464,0.03,0.0,4,cpu
blocks.5.1.conv_pw,Conv2d,"[1, 160, 7, 7]","[1, 960, 7, 7]",153600,0.0802,513.434,513.613,0.179,0.0,4,cpu
blocks.5.1.bn1.act,Hardswish,"[1, 960, 7, 7]","[1, 960, 7, 7]",0,0.0,513.434,513.613,0.179,0.0,4,cpu
blocks.5.1.conv_dw,Conv2d,"[1, 960, 7, 7]","[1, 960, 7, 7]",24000,0.0986,513.434,513.613,0.179,0.0,4,cpu
blocks.5.1.bn2.act,Hardswish,"[1, 960, 7, 7]","[1, 960, 7, 7]",0,0.0,513.434,513.613,0.179,0.0,4,cpu
blocks.5.1.se.conv_reduce,Conv2d,"[1, 960, 1, 1]","[1, 240, 1, 1]",230640,0.0508,513.434,513.435,0.001,0.0,4,cpu
blocks.5.1.se.conv_expand,Conv2d,"[1, 240, 1, 1]","[1, 960, 1, 1]",231360,0.0405,513.434,513.437,0.004,0.0,4,cpu
blocks.5.1.se.gate,Hardsigmoid,"[1, 960, 1, 1]","[1, 960, 1, 1]",0,0.0,513.434,513.437,0.004,0.0,4,cpu
blocks.5.1.conv_pwl,Conv2d,"[1, 960, 7, 7]","[1, 160, 7, 7]",153600,0.2122,513.434,513.464,0.03,0.0,4,cpu
blocks.5.2.conv_pw,Conv2d,"[1, 160, 7, 7]","[1, 960, 7, 7]",153600,0.073,513.434,513.613,0.179,0.0,4,cpu
blocks.5.2.bn1.act,Hardswish,"[1, 960, 7, 7]","[1, 960, 7, 7]",0,0.0,513.434,513.613,0.179,0.0,4,cpu
blocks.5.2.conv_dw,Conv2d,"[1, 960, 7, 7]","[1, 960, 7, 7]",24000,0.0935,513.434,513.613,0.179,0.0,4,cpu
blocks.5.2.bn2.act,Hardswish,"[1, 960, 7, 7]","[1, 960, 7, 7]",0,0.0,513.434,513.613,0.179,0.0,4,cpu
blocks.5.2.se.conv_reduce,Conv2d,"[1, 960, 1, 1]","[1, 240, 1, 1]",230640,0.0488,513.434,513.435,0.001,0.0,4,cpu
blocks.5.2.se.conv_expand,Conv2d,"[1, 240, 1, 1]","[1, 960, 1, 1]",231360,0.038,513.434,513.437,0.004,0.0,4,cpu
blocks.5.2.se.gate,Hardsigmoid,"[1, 960, 1, 1]","[1, 960, 1, 1]",0,0.0,513.434,513.437,0.004,0.0,4,cpu
blocks.5.2.conv_pwl,Conv2d,"[1, 960, 7, 7]","[1, 160, 7, 7]",153600,0.2919,513.434,513.464,0.03,0.0,4,cpu
blocks.6.0.conv,Conv2d,"[1, 160, 7, 7]","[1, 960, 7, 7]",153600,0.129,513.434,513.613,0.179,0.0,4,cpu
blocks.6.0.bn1.act,Hardswish,"[1, 960, 7, 7]","[1, 960, 7, 7]",0,0.0,513.434,513.613,0.179,0.0,4,cpu
global_pool.pool,AdaptiveAvgPool2d,"[1, 960, 7, 7]","[1, 960, 1, 1]",0,0.007,513.434,513.437,0.004,0.0,4,cpu
conv_head,Conv2d,"[1, 960, 1, 1]","[1, 1280, 1, 1]",1230080,0.3747,513.434,513.438,0.005,0.0,4,cpu
act2,Hardswish,"[1, 1280, 1, 1]","[1, 1280, 1, 1]",0,0.0,513.434,513.438,0.005,0.0,4,cpu
flatten,Flatten,"[1, 1280, 1, 1]","[1, 1280]",0,0.0,513.434,513.438,0.005,0.0,4,cpu
classifier,Linear,"[1, 1280]","[1, 1000]",1281000,0.3327,513.434,513.437,0.004,0.0,4,cpu
conv_stem,Conv2d,"[1, 3, 224, 224]","[1, 16, 112, 112]",432,0.4304,513.434,514.199,0.766,0.0,5,cpu
bn1.act,Hardswish,"[1, 16, 112, 112]","[1, 16, 112, 112]",0,0.0,513.434,514.199,0.766,0.0,5,cpu
blocks.0.0.conv_dw,Conv2d,"[1, 16, 112, 112]","[1, 16, 112, 112]",144,0.2043,513.434,514.199,0.766,0.0,5,cpu
blocks.0.0.conv_pw,Conv2d,"[1, 16, 112, 112]","[1, 16, 112, 112]",256,0.1763,513.434,514.199,0.766,0.0,5,cpu
blocks.1.0.conv_pw,Conv2d,"[1, 16, 112, 112]","[1, 64, 112, 112]",1024,1.1414,513.434,516.496,3.062,0.0,5,cpu
blocks.1.0.conv_dw,Conv2d,"[1, 64, 112, 112]","[1, 64, 56, 56]",576,0.6579,513.434,514.199,0.766,0.0,5,cpu
blocks.1.0.conv_pwl,Conv2d,"[1, 64, 56, 56]","[1, 24, 56, 56]",1536,0.4103,513.434,513.721,0.287,0.0,5,cpu
blocks.1.1.conv_pw,Conv2d,"[1, 24, 56, 56]","[1, 72, 56, 56]",1728,0.2807,513.434,514.295,0.861,0.0,5,cpu
blocks.1.1.conv_dw,Conv2d,"[1, 72, 56, 56]","[1, 72, 56, 56]",648,1.1145,513.434,514.295,0.861,0.0,5,cpu
blocks.1.1.conv_pwl,Conv2d,"[1, 72, 56, 56]","[1, 24, 56, 56]",1728,0.3162,513.434,513.721,0.287,0.0,5,cpu
blocks.2.0.conv_pw,Conv2d,"[1, 24, 56, 56]","[1, 72, 56, 56]",1728,0.3005,513.434,514.295,0.861,0.0,5,cpu
blocks.2.0.conv_dw,Conv2d,"[1, 72, 56, 56]","[1, 72, 28, 28]",1800,0.2354,513.434,513.649,0.215,0.0,5,cpu
blocks.2.0.se.conv_reduce,Conv2d,"[1, 72, 1, 1]","[1, 24, 1, 1]",1752,0.0,513.434,513.434,0.0,0.0,5,cpu
blocks.2.0.se.conv_expand,Conv2d,"[1, 24, 1, 1]","[1, 72, 1, 1]",1800,0.0,513.434,513.434,0.0,0.0,5,cpu
blocks.2.0.se.gate,Hardsigmoid,"[1, 72, 1, 1]","[1, 72, 1, 1]",0,0.0,513.434,513.434,0.0,0.0,5,cpu
blocks.2.0.conv_pwl,Conv2d,"[1, 72, 28, 28]","[1, 40, 28, 28]",2880,0.1402,513.434,513.553,0.12,0.0,5,cpu
blocks.2.1.conv_pw,Conv2d,"[1, 40, 28, 28]","[1, 120, 28, 28]",4800,0.1528,513.434,513.792,0.359,0.0,5,cpu
blocks.2.1.conv_dw,Conv2d,"[1, 120, 28, 28]","[1, 120, 28, 28]",3000,0.1624,513.434,513.792,0.359,0.0,5,cpu
blocks.2.1.se.conv_reduce,Conv2d,"[1, 120, 1, 1]","[1, 32, 1, 1]",3872,0.0,513.434,513.434,0.0,0.0,5,cpu
blocks.2.1.se.conv_expand,Conv2d,"[1, 32, 1, 1]","[1, 120, 1, 1]",3960,0.0,513.434,513.434,0.0,0.0,5,cpu
blocks.2.1.se.gate,Hardsigmoid,"[1, 120, 1, 1]","[1, 120, 1, 1]",0,0.0,513.434,513.434,0.0,0.0,5,cpu
blocks.2.1.conv_pwl,Conv2d,"[1, 120, 28, 28]","[1, 40, 28, 28]",4800,0.1635,513.434,513.553,0.12,0.0,5,cpu
blocks.2.2.conv_pw,Conv2d,"[1, 40, 28, 28]","[1, 120, 28, 28]",4800,0.1486,513.434,513.792,0.359,0.0,5,cpu
blocks.2.2.conv_dw,Conv2d,"[1, 120, 28, 28]","[1, 120, 28, 28]",3000,0.1457,513.434,513.792,0.359,0.0,5,cpu
blocks.2.2.se.conv_reduce,Conv2d,"[1, 120, 1, 1]","[1, 32, 1, 1]",3872,0.0,513.434,513.434,0.0,0.0,5,cpu
blocks.2.2.se.conv_expand,Conv2d,"[1, 32, 1, 1]","[1, 120, 1, 1]",3960,0.0,513.434,513.434,0.0,0.0,5,cpu
blocks.2.2.se.gate,Hardsigmoid,"[1, 120, 1, 1]","[1, 120, 1, 1]",0,0.0,513.434,513.434,0.0,0.0,5,cpu
blocks.2.2.conv_pwl,Conv2d,"[1, 120, 28, 28]","[1, 40, 28, 28]",4800,0.2919,513.434,513.553,0.12,0.0,5,cpu
blocks.3.0.conv_pw,Conv2d,"[1, 40, 28, 28]","[1, 240, 28, 28]",9600,0.3094,513.434,514.151,0.718,0.0,5,cpu
blocks.3.0.bn1.act,Hardswish,"[1, 240, 28, 28]","[1, 240, 28, 28]",0,0.0,513.434,514.151,0.718,0.0,5,cpu
blocks.3.0.conv_dw,Conv2d,"[1, 240, 28, 28]","[1, 240, 14, 14]",2160,0.1318,513.434,513.613,0.179,0.0,5,cpu
blocks.3.0.bn2.act,Hardswish,"[1, 240, 14, 14]","[1, 240, 14, 14]",0,0.0,513.434,513.613,0.179,0.0,5,cpu
blocks.3.0.conv_pwl,Conv2d,"[1, 240, 14, 14]","[1, 80, 14, 14]",19200,0.2577,513.434,513.493,0.06,0.0,5,cpu
blocks.3.1.conv_pw,Conv2d,"[1, 80, 14, 14]","[1, 200, 14, 14]",16000,0.0582,513.434,513.583,0.15,0.0,5,cpu
blocks.3.1.bn1.act,Hardswish,"[1, 200, 14, 14]","[1, 200, 14, 14]",0,0.0,513.434,513.583,0.15,0.0,5,cpu
blocks.3.1.conv_dw,Conv2d,"[1, 200, 14, 14]","[1, 200, 14, 14]",1800,0.1319,513.434,513.583,0.15,0.0,5,cpu
blocks.3.1.bn2.act,Hardswish,"[1, 200, 14, 14]","[1, 200, 14, 14]",0,0.0,513.434,513.583,0.15,0.0,5,cpu
blocks.3.1.conv_pwl,Conv2d,"[1, 200, 14, 14]","[1, 80, 14, 14]",16000,0.1273,513.434,513.493,0.06,0.0,5,cpu
blocks.3.2.conv_pw,Conv2d,"[1, 80, 14, 14]","[1, 184, 14, 14]",14720,0.0273,513.434,513.571,0.138,0.0,5,cpu
blocks.3.2.bn1.act,Hardswish,"[1, 184, 14, 14]","[1, 184, 14, 14]",0,0.0,513.434,513.571,0.138,0.0,5,cpu
blocks.3.2.conv_dw,Conv2d,"[1, 184, 14, 14]","[1, 184, 14, 14]",1656,0.1008,513.434,513.571,0.138,0.0,5,cpu
blocks.3.2.bn2.act,Hardswish,"[1, 184, 14, 14]","[1, 184, 14, 14]",0,0.0,513.434,513.571,0.138,0.0,5,cpu
blocks.3.2.conv_pwl,Conv2d,"[1, 184, 14, 14]","[1, 80, 14, 14]",14720,0.1168,513.434,513.493,0.06,0.0,5,cpu
blocks.3.3.conv_pw,Conv2d,"[1, 80, 14, 14]","[1, 184, 14, 14]",14720,0.0163,513.434,513.571,0.138,0.0,5,cpu
blocks.3.3.bn1.act,Hardswish,"[1, 184, 14, 14]","[1, 184, 14, 14]",0,0.0,513.434,513.571,0.138,0.0,5,cpu
blocks.3.3.conv_dw,Conv2d,"[1, 184, 14, 14]","[1, 184, 14, 14]",1656,0.0907,513.434,513.571,0.138,0.0,5,cpu
blocks.3.3.bn2.act,Hardswish,"[1, 184, 14, 14]","[1, 184, 14, 14]",0,0.0,513.434,513.571,0.138,0.0,5,cpu
blocks.3.3.conv_pwl,Conv2d,"[1, 184, 14, 14]","[1, 80, 14, 14]",14720,0.1068,513.434,513.493,0.06,0.0,5,cpu
blocks.4.0.conv_pw,Conv2d,"[1, 80, 14, 14]","[1, 480, 14, 14]",38400,0.0619,513.434,513.792,0.359,0.0,5,cpu
blocks.4.0.bn1.act,Hardswish,"[1, 480, 14, 14]","[1, 480, 14, 14]",0,0.0,513.434,513.792,0.359,0.0,5,cpu
blocks.4.0.conv_dw,Conv2d,"[1, 480, 14, 14]","[1, 480, 14, 14]",4320,0.1233,513.434,513.792,0.359,0.0,5,cpu
blocks.4.0.bn2.act,Hardswish,"[1, 480, 14, 14]","[1, 480, 14, 14]",0,0.0,513.434,513.792,0.359,0.0,5,cpu
blocks.4.0.se.conv_reduce,Conv2d,"[1, 480, 1, 1]","[1, 120, 1, 1]",57720,0.0052,513.434,513.434,0.0,0.0,5,cpu
blocks.4.0.se.conv_expand,Conv2d,"[1, 120, 1, 1]","[1, 480, 1, 1]",58080,0.0,513.434,513.435,0.002,0.0,5,cpu
blocks.4.0.se.gate,Hardsigmoid,"[1, 480, 1, 1]","[1, 480, 1, 1]",0,0.0,513.434,513.435,0.002,0.0,5,cpu
blocks.4.0.conv_pwl,Conv2d,"[1, 480, 14, 14]","[1, 112, 14, 14]",53760,0.207,513.434,513.517,0.084,0.0,5,cpu
blocks.4.1.conv_pw,Conv2d,"[1, 112, 14, 14]","[1, 672, 14, 14]",75264,0.2455,513.434,513.936,0.502,0.0,5,cpu
blocks.4.1.bn1.act,Hardswish,"[1, 672, 14, 14]","[1, 672, 14, 14]",0,0.0,513.434,513.936,0.502,0.0,5,cpu
blocks.4.1.conv_dw,Conv2d,"[1, 672, 14, 14]","[1, 672, 14, 14]",6048,0.1412,513.434,513.936,0.502,0.0,5,cpu
blocks.4.1.bn2.act,Hardswish,"[1, 672, 14, 14]","[1, 672, 14, 14]",0,0.0,513.434,513.936,0.502,0.0,5,cpu
blocks.4.1.se.conv_reduce,Conv2d,"[1, 672, 1, 1]","[1, 168, 1, 1]",113064,0.02,513.434,513.434,0.001,0.0,5,cpu
blocks.4.1.se.conv_expand,Conv2d,"[1, 168, 1, 1]","[1, 672, 1, 1]",113568,0.0139,513.434,513.436,0.003,0.0,5,cpu
blocks.4.1.se.gate,Hardsigmoid,"[1, 672, 1, 1]","[1, 672, 1, 1]",0,0.0,513.434,513.436,0.003,0.0,5,cpu
blocks.4.1.conv_pwl,Conv2d,"[1, 672, 14, 14]","[1, 112, 14, 14]",75264,0.2519,513.434,513.517,0.084,0.0,5,cpu
blocks.5.0.conv_pw,Conv2d,"[1, 112, 14, 14]","[1, 672, 14, 14]",75264,0.2302,513.434,513.936,0.502,0.0,5,cpu
blocks.5.0.bn1.act,Hardswish,"[1, 672, 14, 14]","[1, 672, 14, 14]",0,0.0,513.434,513.936,0.502,0.0,5,cpu
blocks.5.0.conv_dw,Conv2d,"[1, 672, 14, 14]","[1, 672, 7, 7]",16800,0.1002,513.434,513.559,0.126,0.0,5,cpu
blocks.5.0.bn2.act,Hardswish,"[1, 672, 7, 7]","[1, 672, 7, 7]",0,0.0,513.434,513.559,0.126,0.0,5,cpu
blocks.5.0.se.conv_reduce,Conv2d,"[1, 672, 1, 1]","[1, 168, 1, 1]",113064,0.0114,513.434,513.434,0.001,0.0,5,cpu
blocks.5.0.se.conv_expand,Conv2d,"[1, 168, 1, 1]","[1, 672, 1, 1]",113568,0.0054,513.434,513.436,0.003,0.0,5,cpu
blocks.5.0.se.gate,Hardsigmoid,"[1, 672, 1, 1]","[1, 672, 1, 1]",0,0.0,513.434,513.436,0.003,0.0,5,cpu
blocks.5.0.conv_pwl,Conv2d,"[1, 672, 7, 7]","[1, 160, 7, 7]",107520,0.1864,513.434,513.464,0.03,0.0,5,cpu
blocks.5.1.conv_pw,Conv2d,"[1, 160, 7, 7]","[1, 960, 7, 7]",153600,0.0797,513.434,513.613,0.179,0.0,5,cpu
blocks.5.1.bn1.act,Hardswish,"[1, 960, 7, 7]","[1, 960, 7, 7]",0,0.0,513.434,513.613,0.179,0.0,5,cpu
blocks.5.1.conv_dw,Conv2d,"[1, 960, 7, 7]","[1, 960, 7, 7]",24000,0.101,513.434,513.613,0.179,0.0,5,cpu
blocks.5.1.bn2.act,Hardswish,"[1, 960, 7, 7]","[1, 960, 7, 7]",0,0.0,513.434,513.613,0.179,0.0,5,cpu
blocks.5.1.se.conv_reduce,Conv2d,"[1, 960, 1, 1]","[1, 240, 1, 1]",230640,0.0548,513.434,513.435,0.001,0.0,5,cpu
blocks.5.1.se.conv_expand,Conv2d,"[1, 240, 1, 1]","[1, 960, 1, 1]",231360,0.0429,513.434,513.437,0.004,0.0,5,cpu
blocks.5.1.se.gate,Hardsigmoid,"[1, 960, 1, 1]","[1, 960, 1, 1]",0,0.0,513.434,513.437,0.004,0.0,5,cpu
blocks.5.1.conv_pwl,Conv2d,"[1, 960, 7, 7]","[1, 160, 7, 7]",153600,0.2149,513.434,513.464,0.03,0.0,5,cpu
blocks.5.2.conv_pw,Conv2d,"[1, 160, 7, 7]","[1, 960, 7, 7]",153600,0.0726,513.434,513.613,0.179,0.0,5,cpu
blocks.5.2.bn1.act,Hardswish,"[1, 960, 7, 7]","[1, 960, 7, 7]",0,0.0,513.434,513.613,0.179,0.0,5,cpu
blocks.5.2.conv_dw,Conv2d,"[1, 960, 7, 7]","[1, 960, 7, 7]",24000,0.0942,513.434,513.613,0.179,0.0,5,cpu
blocks.5.2.bn2.act,Hardswish,"[1, 960, 7, 7]","[1, 960, 7, 7]",0,0.0,513.434,513.613,0.179,0.0,5,cpu
blocks.5.2.se.conv_reduce,Conv2d,"[1, 960, 1, 1]","[1, 240, 1, 1]",230640,0.051,513.434,513.435,0.001,0.0,5,cpu
blocks.5.2.se.conv_expand,Conv2d,"[1, 240, 1, 1]","[1, 960, 1, 1]",231360,0.036,513.434,513.437,0.004,0.0,5,cpu
blocks.5.2.se.gate,Hardsigmoid,"[1, 960, 1, 1]","[1, 960, 1, 1]",0,0.0,513.434,513.437,0.004,0.0,5,cpu
blocks.5.2.conv_pwl,Conv2d,"[1, 960, 7, 7]","[1, 160, 7, 7]",153600,0.199,513.434,513.464,0.03,0.0,5,cpu
blocks.6.0.conv,Conv2d,"[1, 160, 7, 7]","[1, 960, 7, 7]",153600,0.0724,513.434,513.613,0.179,0.0,5,cpu
blocks.6.0.bn1.act,Hardswish,"[1, 960, 7, 7]","[1, 960, 7, 7]",0,0.0,513.434,513.613,0.179,0.0,5,cpu
global_pool.pool,AdaptiveAvgPool2d,"[1, 960, 7, 7]","[1, 960, 1, 1]",0,0.0022,513.434,513.437,0.004,0.0,5,cpu
conv_head,Conv2d,"[1, 960, 1, 1]","[1, 1280, 1, 1]",1230080,0.3592,513.434,513.438,0.005,0.0,5,cpu
act2,Hardswish,"[1, 1280, 1, 1]","[1, 1280, 1, 1]",0,0.0,513.434,513.438,0.005,0.0,5,cpu
flatten,Flatten,"[1, 1280, 1, 1]","[1, 1280]",0,0.0,513.434,513.438,0.005,0.0,5,cpu
classifier,Linear,"[1, 1280]","[1, 1000]",1281000,0.335,513.434,513.437,0.004,0.0,5,cpu
conv_stem,Conv2d,"[1, 3, 224, 224]","[1, 16, 112, 112]",432,0.5396,513.434,514.199,0.766,0.0,6,cpu
bn1.act,Hardswish,"[1, 16, 112, 112]","[1, 16, 112, 112]",0,0.0,513.434,514.199,0.766,0.0,6,cpu
blocks.0.0.conv_dw,Conv2d,"[1, 16, 112, 112]","[1, 16, 112, 112]",144,0.617,513.434,514.199,0.766,0.0,6,cpu
blocks.0.0.conv_pw,Conv2d,"[1, 16, 112, 112]","[1, 16, 112, 112]",256,0.3287,513.434,514.199,0.766,0.0,6,cpu
blocks.1.0.conv_pw,Conv2d,"[1, 16, 112, 112]","[1, 64, 112, 112]",1024,1.4948,513.434,516.496,3.062,0.0,6,cpu
blocks.1.0.conv_dw,Conv2d,"[1, 64, 112, 112]","[1, 64, 56, 56]",576,0.6566,513.434,514.199,0.766,0.0,6,cpu
blocks.1.0.conv_pwl,Conv2d,"[1, 64, 56, 56]","[1, 24, 56, 56]",1536,0.4165,513.434,513.721,0.287,0.0,6,cpu
blocks.1.1.conv_pw,Conv2d,"[1, 24, 56, 56]","[1, 72, 56, 56]",1728,0.2791,513.434,514.295,0.861,0.0,6,cpu
blocks.1.1.conv_dw,Conv2d,"[1, 72, 56, 56]","[1, 72, 56, 56]",648,0.3675,513.434,514.295,0.861,0.0,6,cpu
blocks.1.1.conv_pwl,Conv2d,"[1, 72, 56, 56]","[1, 24, 56, 56]",1728,0.2695,513.434,513.721,0.287,0.0,6,cpu
blocks.2.0.conv_pw,Conv2d,"[1, 24, 56, 56]","[1, 72, 56, 56]",1728,0.2917,513.434,514.295,0.861,0.0,6,cpu
blocks.2.0.conv_dw,Conv2d,"[1, 72, 56, 56]","[1, 72, 28, 28]",1800,0.2326,513.434,513.649,0.215,0.0,6,cpu
blocks.2.0.se.conv_reduce,Conv2d,"[1, 72, 1, 1]","[1, 24, 1, 1]",1752,0.0,513.434,513.434,0.0,0.0,6,cpu
blocks.2.0.se.conv_expand,Conv2d,"[1, 24, 1, 1]","[1, 72, 1, 1]",1800,0.0,513.434,513.434,0.0,0.0,6,cpu
blocks.2.0.se.gate,Hardsigmoid,"[1, 72, 1, 1]","[1, 72, 1, 1]",0,0.0,513.434,513.434,0.0,0.0,6,cpu
blocks.2.0.conv_pwl,Conv2d,"[1, 72, 28, 28]","[1, 40, 28, 28]",2880,0.1401,513.434,513.553,0.12,0.0,6,cpu
blocks.2.1.conv_pw,Conv2d,"[1, 40, 28, 28]","[1, 120, 28, 28]",4800,0.1512,513.434,513.792,0.359,0.0,6,cpu
blocks.2.1.conv_dw,Conv2d,"[1, 120, 28, 28]","[1, 120, 28, 28]",3000,0.1587,513.434,513.792,0.359,0.0,6,cpu
blocks.2.1.se.conv_reduce,Conv2d,"[1, 120, 1, 1]","[1, 32, 1, 1]",3872,0.0,513.434,513.434,0.0,0.0,6,cpu
blocks.2.1.se.conv_expand,Conv2d,"[1, 32, 1, 1]","[1, 120, 1, 1]",3960,0.0,513.434,513.434,0.0,0.0,6,cpu
blocks.2.1.se.gate,Hardsigmoid,"[1, 120, 1, 1]","[1, 120, 1, 1]",0,0.0,513.434,513.434,0.0,0.0,6,cpu
blocks.2.1.conv_pwl,Conv2d,"[1, 120, 28, 28]","[1, 40, 28, 28]",4800,0.1593,513.434,513.553,0.12,0.0,6,cpu
blocks.2.2.conv_pw,Conv2d,"[1, 40, 28, 28]","[1, 120, 28, 28]",4800,0.1477,513.434,513.792,0.359,0.0,6,cpu
blocks.2.2.conv_dw,Conv2d,"[1, 120, 28, 28]","[1, 120, 28, 28]",3000,0.1437,513.434,513.792,0.359,0.0,6,cpu
blocks.2.2.se.conv_reduce,Conv2d,"[1, 120, 1, 1]","[1, 32, 1, 1]",3872,0.0,513.434,513.434,0.0,0.0,6,cpu
blocks.2.2.se.conv_expand,Conv2d,"[1, 32, 1, 1]","[1, 120, 1, 1]",3960,0.0,513.434,513.434,0.0,0.0,6,cpu
blocks.2.2.se.gate,Hardsigmoid,"[1, 120, 1, 1]","[1, 120, 1, 1]",0,0.0,513.434,513.434,0.0,0.0,6,cpu
blocks.2.2.conv_pwl,Conv2d,"[1, 120, 28, 28]","[1, 40, 28, 28]",4800,0.1528,513.434,513.553,0.12,0.0,6,cpu
blocks.3.0.conv_pw,Conv2d,"[1, 40, 28, 28]","[1, 240, 28, 28]",9600,0.206,513.434,514.151,0.718,0.0,6,cpu
blocks.3.0.bn1.act,Hardswish,"[1, 240, 28, 28]","[1, 240, 28, 28]",0,0.0122,513.434,514.151,0.718,0.0,6,cpu
blocks.3.0.conv_dw,Conv2d,"[1, 240, 28, 28]","[1, 240, 14, 14]",2160,0.2309,513.434,513.613,0.179,0.0,6,cpu
blocks.3.0.bn2.act,Hardswish,"[1, 240, 14, 14]","[1, 240, 14, 14]",0,0.0,513.434,513.613,0.179,0.0,6,cpu
blocks.3.0.conv_pwl,Conv2d,"[1, 240, 14, 14]","[1, 80, 14, 14]",19200,0.1886,513.434,513.493,0.06,0.0,6,cpu
blocks.3.1.conv_pw,Conv2d,"[1, 80, 14, 14]","[1, 200, 14, 14]",16000,0.0826,513.434,513.583,0.15,0.0,6,cpu
blocks.3.1.bn1.act,Hardswish,"[1, 200, 14, 14]","[1, 200, 14, 14]",0,0.0,513.434,513.583,0.15,0.0,6,cpu
blocks.3.1.conv_dw,Conv2d,"[1, 200, 14, 14]","[1, 200, 14, 14]",1800,0.1629,513.434,513.583,0.15,0.0,6,cpu
blocks.3.1.bn2.act,Hardswish,"[1, 200, 14, 14]","[1, 200, 14, 14]",0,0.0,513.434,513.583,0.15,0.0,6,cpu
blocks.3.1.conv_pwl,Conv2d,"[1, 200, 14, 14]","[1, 80, 14, 14]",16000,0.1907,513.434,513.493,0.06,0.0,6,cpu
blocks.3.2.conv_pw,Conv2d,"[1, 80, 14, 14]","[1, 184, 14, 14]",14720,0.0569,513.434,513.571,0.138,0.0,6,cpu
blocks.3.2.bn1.act,Hardswish,"[1, 184, 14, 14]","[1, 184, 14, 14]",0,0.0,513.434,513.571,0.138,0.0,6,cpu
blocks.3.2.conv_dw,Conv2d,"[1, 184, 14, 14]","[1, 184, 14, 14]",1656,0.1501,513.434,513.571,0.138,0.0,6,cpu
blocks.3.2.bn2.act,Hardswish,"[1, 184, 14, 14]","[1, 184, 14, 14]",0,0.0,513.434,513.571,0.138,0.0,6,cpu
blocks.3.2.conv_pwl,Conv2d,"[1, 184, 14, 14]","[1, 80, 14, 14]",14720,0.1764,513.434,513.493,0.06,0.0,6,cpu
blocks.3.3.conv_pw,Conv2d,"[1, 80, 14, 14]","[1, 184, 14, 14]",14720,0.0498,513.434,513.571,0.138,0.0,6,cpu
blocks.3.3.bn1.act,Hardswish,"[1, 184, 14, 14]","[1, 184, 14, 14]",0,0.0,513.434,513.571,0.138,0.0,6,cpu
blocks.3.3.conv_dw,Conv2d,"[1, 184, 14, 14]","[1, 184, 14, 14]",1656,0.1395,513.434,513.571,0.138,0.0,6,cpu
blocks.3.3.bn2.act,Hardswish,"[1, 184, 14, 14]","[1, 184, 14, 14]",0,0.0,513.434,513.571,0.138,0.0,6,cpu
blocks.3.3.conv_pwl,Conv2d,"[1, 184, 14, 14]","[1, 80, 14, 14]",14720,0.1692,513.434,513.493,0.06,0.0,6,cpu
blocks.4.0.conv_pw,Conv2d,"[1, 80, 14, 14]","[1, 480, 14, 14]",38400,0.1347,513.434,513.792,0.359,0.0,6,cpu
blocks.4.0.bn1.act,Hardswish,"[1, 480, 14, 14]","[1, 480, 14, 14]",0,0.0,513.434,513.792,0.359,0.0,6,cpu
blocks.4.0.conv_dw,Conv2d,"[1, 480, 14, 14]","[1, 480, 14, 14]",4320,0.1822,513.434,513.792,0.359,0.0,6,cpu
blocks.4.0.bn2.act,Hardswish,"[1, 480, 14, 14]","[1, 480, 14, 14]",0,0.0,513.434,513.792,0.359,0.0,6,cpu
blocks.4.0.se.conv_reduce,Conv2d,"[1, 480, 1, 1]","[1, 120, 1, 1]",57720,0.0139,513.434,513.434,0.0,0.0,6,cpu
blocks.4.0.se.conv_expand,Conv2d,"[1, 120, 1, 1]","[1, 480, 1, 1]",58080,0.0022,513.434,513.435,0.002,0.0,6,cpu
blocks.4.0.se.gate,Hardsigmoid,"[1, 480, 1, 1]","[1, 480, 1, 1]",0,0.0,513.434,513.435,0.002,0.0,6,cpu
blocks.4.0.conv_pwl,Conv2d,"[1, 480, 14, 14]","[1, 112, 14, 14]",53760,0.3311,513.434,513.517,0.084,0.0,6,cpu
blocks.4.1.conv_pw,Conv2d,"[1, 112, 14, 14]","[1, 672, 14, 14]",75264,0.4263,513.434,513.936,0.502,0.0,6,cpu
blocks.4.1.bn1.act,Hardswish,"[1, 672, 14, 14]","[1, 672, 14, 14]",0,0.0,513.434,513.936,0.502,0.0,6,cpu
blocks.4.1.conv_dw,Conv2d,"[1, 672, 14, 14]","[1, 672, 14, 14]",6048,0.4697,513.434,513.936,0.502,0.0,6,cpu
blocks.4.1.bn2.act,Hardswish,"[1, 672, 14, 14]","[1, 672, 14, 14]",0,0.0,513.434,513.936,0.502,0.0,6,cpu
blocks.4.1.se.conv_reduce,Conv2d,"[1, 672, 1, 1]","[1, 168, 1, 1]",113064,0.0496,513.434,513.434,0.001,0.0,6,cpu
blocks.4.1.se.conv_expand,Conv2d,"[1, 168, 1, 1]","[1, 672, 1, 1]",113568,0.0149,513.434,513.436,0.003,0.0,6,cpu
blocks.4.1.se.gate,Hardsigmoid,"[1, 672, 1, 1]","[1, 672, 1, 1]",0,0.0,513.434,513.436,0.003,0.0,6,cpu
blocks.4.1.conv_pwl,Conv2d,"[1, 672, 14, 14]","[1, 112, 14, 14]",75264,0.2758,513.434,513.517,0.084,0.0,6,cpu
blocks.5.0.conv_pw,Conv2d,"[1, 112, 14, 14]","[1, 672, 14, 14]",75264,0.2356,513.434,513.936,0.502,0.0,6,cpu
blocks.5.0.bn1.act,Hardswish,"[1, 672, 14, 14]","[1, 672, 14, 14]",0,0.0,513.434,513.936,0.502,0.0,6,cpu
blocks.5.0.conv_dw,Conv2d,"[1, 672, 14, 14]","[1, 672, 7, 7]",16800,0.1044,513.434,513.559,0.126,0.0,6,cpu
blocks.5.0.bn2.act,Hardswish,"[1, 672, 7, 7]","[1, 672, 7, 7]",0,0.0,513.434,513.559,0.126,0.0,6,cpu
blocks.5.0.se.conv_reduce,Conv2d,"[1, 672, 1, 1]","[1, 168, 1, 1]",113064,0.014,513.434,513.434,0.001,0.0,6,cpu
blocks.5.0.se.conv_expand,Conv2d,"[1, 168, 1, 1]","[1, 672, 1, 1]",113568,0.0049,513.434,513.436,0.003,0.0,6,cpu
blocks.5.0.se.gate,Hardsigmoid,"[1, 672, 1, 1]","[1, 672, 1, 1]",0,0.0,513.434,513.436,0.003,0.0,6,cpu
blocks.5.0.conv_pwl,Conv2d,"[1, 672, 7, 7]","[1, 160, 7, 7]",107520,0.188,513.434,513.464,0.03,0.0,6,cpu
blocks.5.1.conv_pw,Conv2d,"[1, 160, 7, 7]","[1, 960, 7, 7]",153600,0.0814,513.434,513.613,0.179,0.0,6,cpu
blocks.5.1.bn1.act,Hardswish,"[1, 960, 7, 7]","[1, 960, 7, 7]",0,0.0,513.434,513.613,0.179,0.0,6,cpu
blocks.5.1.conv_dw,Conv2d,"[1, 960, 7, 7]","[1, 960, 7, 7]",24000,0.1009,513.434,513.613,0.179,0.0,6,cpu
blocks.5.1.bn2.act,Hardswish,"[1, 960, 7, 7]","[1, 960, 7, 7]",0,0.0,513.434,513.613,0.179,0.0,6,cpu
blocks.5.1.se.conv_reduce,Conv2d,"[1, 960, 1, 1]","[1, 240, 1, 1]",230640,0.0528,513.434,513.435,0.001,0.0,6,cpu
blocks.5.1.se.conv_expand,Conv2d,"[1, 240, 1, 1]","[1, 960, 1, 1]",231360,0.0434,513.434,513.437,0.004,0.0,6,cpu
blocks.5.1.se.gate,Hardsigmoid,"[1, 960, 1, 1]","[1, 960, 1, 1]",0,0.0,513.434,513.437,0.004,0.0,6,cpu
blocks.5.1.conv_pwl,Conv2d,"[1, 960, 7, 7]","[1, 160, 7, 7]",153600,0.2192,513.434,513.464,0.03,0.0,6,cpu
blocks.5.2.conv_pw,Conv2d,"[1, 160, 7, 7]","[1, 960, 7, 7]",153600,0.0731,513.434,513.613,0.179,0.0,6,cpu
blocks.5.2.bn1.act,Hardswish,"[1, 960, 7, 7]","[1, 960, 7, 7]",0,0.0,513.434,513.613,0.179,0.0,6,cpu
blocks.5.2.conv_dw,Conv2d,"[1, 960, 7, 7]","[1, 960, 7, 7]",24000,0.0941,513.434,513.613,0.179,0.0,6,cpu
blocks.5.2.bn2.act,Hardswish,"[1, 960, 7, 7]","[1, 960, 7, 7]",0,0.0,513.434,513.613,0.179,0.0,6,cpu
blocks.5.2.se.conv_reduce,Conv2d,"[1, 960, 1, 1]","[1, 240, 1, 1]",230640,0.0536,513.434,513.435,0.001,0.0,6,cpu
blocks.5.2.se.conv_expand,Conv2d,"[1, 240, 1, 1]","[1, 960, 1, 1]",231360,0.0391,513.434,513.437,0.004,0.0,6,cpu
blocks.5.2.se.gate,Hardsigmoid,"[1, 960, 1, 1]","[1, 960, 1, 1]",0,0.0,513.434,513.437,0.004,0.0,6,cpu
blocks.5.2.conv_pwl,Conv2d,"[1, 960, 7, 7]","[1, 160, 7, 7]",153600,0.2053,513.434,513.464,0.03,0.0,6,cpu
blocks.6.0.conv,Conv2d,"[1, 160, 7, 7]","[1, 960, 7, 7]",153600,0.0722,513.434,513.613,0.179,0.0,6,cpu
blocks.6.0.bn1.act,Hardswish,"[1, 960, 7, 7]","[1, 960, 7, 7]",0,0.0,513.434,513.613,0.179,0.0,6,cpu
global_pool.pool,AdaptiveAvgPool2d,"[1, 960, 7, 7]","[1, 960, 1, 1]",0,0.0046,513.434,513.437,0.004,0.0,6,cpu
conv_head,Conv2d,"[1, 960, 1, 1]","[1, 1280, 1, 1]",1230080,0.3558,513.434,513.438,0.005,0.0,6,cpu
act2,Hardswish,"[1, 1280, 1, 1]","[1, 1280, 1, 1]",0,0.0,513.434,513.438,0.005,0.0,6,cpu
flatten,Flatten,"[1, 1280, 1, 1]","[1, 1280]",0,0.0,513.434,513.438,0.005,0.0,6,cpu
classifier,Linear,"[1, 1280]","[1, 1000]",1281000,0.3353,513.434,513.437,0.004,0.0,6,cpu
conv_stem,Conv2d,"[1, 3, 224, 224]","[1, 16, 112, 112]",432,0.6649,513.434,514.199,0.766,0.0,7,cpu
bn1.act,Hardswish,"[1, 16, 112, 112]","[1, 16, 112, 112]",0,0.0297,513.434,514.199,0.766,0.0,7,cpu
blocks.0.0.conv_dw,Conv2d,"[1, 16, 112, 112]","[1, 16, 112, 112]",144,0.2774,513.434,514.199,0.766,0.0,7,cpu
blocks.0.0.conv_pw,Conv2d,"[1, 16, 112, 112]","[1, 16, 112, 112]",256,0.1747,513.434,514.199,0.766,0.0,7,cpu
blocks.1.0.conv_pw,Conv2d,"[1, 16, 112, 112]","[1, 64, 112, 112]",1024,1.206,513.434,516.496,3.062,0.0,7,cpu
blocks.1.0.conv_dw,Conv2d,"[1, 64, 112, 112]","[1, 64, 56, 56]",576,0.6562,513.434,514.199,0.766,0.0,7,cpu
blocks.1.0.conv_pwl,Conv2d,"[1, 64, 56, 56]","[1, 24, 56, 56]",1536,0.4169,513.434,513.721,0.287,0.0,7,cpu
blocks.1.1.conv_pw,Conv2d,"[1, 24, 56, 56]","[1, 72, 56, 56]",1728,0.2832,513.434,514.295,0.861,0.0,7,cpu
blocks.1.1.conv_dw,Conv2d,"[1, 72, 56, 56]","[1, 72, 56, 56]",648,0.4229,513.434,514.295,0.861,0.0,7,cpu
blocks.1.1.conv_pwl,Conv2d,"[1, 72, 56, 56]","[1, 24, 56, 56]",1728,0.512,513.434,513.721,0.287,0.0,7,cpu
blocks.2.0.conv_pw,Conv2d,"[1, 24, 56, 56]","[1, 72, 56, 56]",1728,0.6208,513.434,514.295,0.861,0.0,7,cpu
blocks.2.0.conv_dw,Conv2d,"[1, 72, 56, 56]","[1, 72, 28, 28]",1800,0.2833,513.434,513.649,0.215,0.0,7,cpu
blocks.2.0.se.conv_reduce,Conv2d,"[1, 72, 1, 1]","[1, 24, 1, 1]",1752,0.0,513.434,513.434,0.0,0.0,7,cpu
blocks.2.0.se.conv_expand,Conv2d,"[1, 24, 1, 1]","[1, 72, 1, 1]",1800,0.0,513.434,513.434,0.0,0.0,7,cpu
blocks.2.0.se.gate,Hardsigmoid,"[1, 72, 1, 1]","[1, 72, 1, 1]",0,0.0,513.434,513.434,0.0,0.0,7,cpu
blocks.2.0.conv_pwl,Conv2d,"[1, 72, 28, 28]","[1, 40, 28, 28]",2880,0.1437,513.434,513.553,0.12,0.0,7,cpu
blocks.2.1.conv_pw,Conv2d,"[1, 40, 28, 28]","[1, 120, 28, 28]",4800,0.1544,513.434,513.792,0.359,0.0,7,cpu
blocks.2.1.conv_dw,Conv2d,"[1, 120, 28, 28]","[1, 120, 28, 28]",3000,0.1613,513.434,513.792,0.359,0.0,7,cpu
blocks.2.1.se.conv_reduce,Conv2d,"[1, 120, 1, 1]","[1, 32, 1, 1]",3872,0.0,513.434,513.434,0.0,0.0,7,cpu
blocks.2.1.se.conv_expand,Conv2d,"[1, 32, 1, 1]","[1, 120, 1, 1]",3960,0.0,513.434,513.434,0.0,0.0,7,cpu
blocks.2.1.se.gate,Hardsigmoid,"[1, 120, 1, 1]","[1, 120, 1, 1]",0,0.0,513.434,513.434,0.0,0.0,7,cpu
blocks.2.1.conv_pwl,Conv2d,"[1, 120, 28, 28]","[1, 40, 28, 28]",4800,0.1604,513.434,513.553,0.12,0.0,7,cpu
blocks.2.2.conv_pw,Conv2d,"[1, 40, 28, 28]","[1, 120, 28, 28]",4800,0.1492,513.434,513.792,0.359,0.0,7,cpu
blocks.2.2.conv_dw,Conv2d,"[1, 120, 28, 28]","[1, 120, 28, 28]",3000,0.1466,513.434,513.792,0.359,0.0,7,cpu
blocks.2.2.se.conv_reduce,Conv2d,"[1, 120, 1, 1]","[1, 32, 1, 1]",3872,0.0,513.434,513.434,0.0,0.0,7,cpu
blocks.2.2.se.conv_expand,Conv2d,"[1, 32, 1, 1]","[1, 120, 1, 1]",3960,0.0,513.434,513.434,0.0,0.0,7,cpu
blocks.2.2.se.gate,Hardsigmoid,"[1, 120, 1, 1]","[1, 120, 1, 1]",0,0.0,513.434,513.434,0.0,0.0,7,cpu
blocks.2.2.conv_pwl,Conv2d,"[1, 120, 28, 28]","[1, 40, 28, 28]",4800,0.1561,513.434,513.553,0.12,0.0,7,cpu
blocks.3.0.conv_pw,Conv2d,"[1, 40, 28, 28]","[1, 240, 28, 28]",9600,0.2052,513.434,514.151,0.718,0.0,7,cpu
blocks.3.0.bn1.act,Hardswish,"[1, 240, 28, 28]","[1, 240, 28, 28]",0,0.0,513.434,514.151,0.718,0.0,7,cpu
blocks.3.0.conv_dw,Conv2d,"[1, 240, 28, 28]","[1, 240, 14, 14]",2160,0.1109,513.434,513.613,0.179,0.0,7,cpu
blocks.3.0.bn2.act,Hardswish,"[1, 240, 14, 14]","[1, 240, 14, 14]",0,0.0,513.434,513.613,0.179,0.0,7,cpu
blocks.3.0.conv_pwl,Conv2d,"[1, 240, 14, 14]","[1, 80, 14, 14]",19200,0.1155,513.434,513.493,0.06,0.0,7,cpu
blocks.3.1.conv_pw,Conv2d,"[1, 80, 14, 14]","[1, 200, 14, 14]",16000,0.0335,513.434,513.583,0.15,0.0,7,cpu
blocks.3.1.bn1.act,Hardswish,"[1, 200, 14, 14]","[1, 200, 14, 14]",0,0.0,513.434,513.583,0.15,0.0,7,cpu
blocks.3.1.conv_dw,Conv2d,"[1, 200, 14, 14]","[1, 200, 14, 14]",1800,0.1015,513.434,513.583,0.15,0.0,7,cpu
blocks.3.1.bn2.act,Hardswish,"[1, 200, 14, 14]","[1, 200, 14, 14]",0,0.0,513.434,513.583,0.15,0.0,7,cpu
blocks.3.1.conv_pwl,Conv2d,"[1, 200, 14, 14]","[1, 80, 14, 14]",16000,0.1181,513.434,513.493,0.06,0.0,7,cpu
blocks.3.2.conv_pw,Conv2d,"[1, 80, 14, 14]","[1, 184, 14, 14]",14720,0.0186,513.434,513.571,0.138,0.0,7,cpu
blocks.3.2.bn1.act,Hardswish,"[1, 184, 14, 14]","[1, 184, 14, 14]",0,0.0,513.434,513.571,0.138,0.0,7,cpu
blocks.3.2.conv_dw,Conv2d,"[1, 184, 14, 14]","[1, 184, 14, 14]",1656,0.0971,513.434,513.571,0.138,0.0,7,cpu
blocks.3.2.bn2.act,Hardswish,"[1, 184, 14, 14]","[1, 184, 14, 14]",0,0.0,513.434,513.571,0.138,0.0,7,cpu
blocks.3.2.conv_pwl,Conv2d,"[1, 184, 14, 14]","[1, 80, 14, 14]",14720,0.1119,513.434,513.493,0.06,0.0,7,cpu
blocks.3.3.conv_pw,Conv2d,"[1, 80, 14, 14]","[1, 184, 14, 14]",14720,0.0147,513.434,513.571,0.138,0.0,7,cpu
blocks.3.3.bn1.act,Hardswish,"[1, 184, 14, 14]","[1, 184, 14, 14]",0,0.0,513.434,513.571,0.138,0.0,7,cpu
blocks.3.3.conv_dw,Conv2d,"[1, 184, 14, 14]","[1, 184, 14, 14]",1656,0.0919,513.434,513.571,0.138,0.0,7,cpu
blocks.3.3.bn2.act,Hardswish,"[1, 184, 14, 14]","[1, 184, 14, 14]",0,0.0,513.434,513.571,0.138,0.0,7,cpu
blocks.3.3.conv_pwl,Conv2d,"[1, 184, 14, 14]","[1, 80, 14, 14]",14720,0.1093,513.434,513.493,0.06,0.0,7,cpu
blocks.4.0.conv_pw,Conv2d,"[1, 80, 14, 14]","[1, 480, 14, 14]",38400,0.059,513.434,513.792,0.359,0.0,7,cpu
blocks.4.0.bn1.act,Hardswish,"[1, 480, 14, 14]","[1, 480, 14, 14]",0,0.0,513.434,513.792,0.359,0.0,7,cpu
blocks.4.0.conv_dw,Conv2d,"[1, 480, 14, 14]","[1, 480, 14, 14]",4320,0.1132,513.434,513.792,0.359,0.0,7,cpu
blocks.4.0.bn2.act,Hardswish,"[1, 480, 14, 14]","[1, 480, 14, 14]",0,0.0,513.434,513.792,0.359,0.0,7,cpu
blocks.4.0.se.conv_reduce,Conv2d,"[1, 480, 1, 1]","[1, 120, 1, 1]",57720,0.0,513.434,513.434,0.0,0.0,7,cpu
blocks.4.0.se.conv_expand,Conv2d,"[1, 120, 1, 1]","[1, 480, 1, 1]",58080,0.0,513.434,513.435,0.002,0.0,7,cpu
blocks.4.0.se.gate,Hardsigmoid,"[1, 480, 1, 1]","[1, 480, 1, 1]",0,0.0,513.434,513.435,0.002,0.0,7,cpu
blocks.4.0.conv_pwl,Conv2d,"[1, 480, 14, 14]","[1, 112, 14, 14]",53760,0.2004,513.434,513.517,0.084,0.0,7,cpu
blocks.4.1.conv_pw,Conv2d,"[1, 112, 14, 14]","[1, 672, 14, 14]",75264,0.234,513.434,513.936,0.502,0.0,7,cpu
blocks.4.1.bn1.act,Hardswish,"[1, 672, 14, 14]","[1, 672, 14, 14]",0,0.0,513.434,513.936,0.502,0.0,7,cpu
blocks.4.1.conv_dw,Conv2d,"[1, 672, 14, 14]","[1, 672, 14, 14]",6048,0.4558,513.434,513.936,0.502,0.0,7,cpu
blocks.4.1.bn2.act,Hardswish,"[1, 672, 14, 14]","[1, 672, 14, 14]",0,0.0,513.434,513.936,0.502,0.0,7,cpu
blocks.4.1.se.conv_reduce,Conv2d,"[1, 672, 1, 1]","[1, 168, 1, 1]",113064,0.0298,513.434,513.434,0.001,0.0,7,cpu
blocks.4.1.se.conv_expand,Conv2d,"[1, 168, 1, 1]","[1, 672, 1, 1]",113568,0.0129,513.434,513.436,0.003,0.0,7,cpu
blocks.4.1.se.gate,Hardsigmoid,"[1, 672, 1, 1]","[1, 672, 1, 1]",0,0.0,513.434,513.436,0.003,0.0,7,cpu
blocks.4.1.conv_pwl,Conv2d,"[1, 672, 14, 14]","[1, 112, 14, 14]",75264,0.2861,513.434,513.517,0.084,0.0,7,cpu
blocks.5.0.conv_pw,Conv2d,"[1, 112, 14, 14]","[1, 672, 14, 14]",75264,0.2334,513.434,513.936,0.502,0.0,7,cpu
blocks.5.0.bn1.act,Hardswish,"[1, 672, 14, 14]","[1, 672, 14, 14]",0,0.0,513.434,513.936,0.502,0.0,7,cpu
blocks.5.0.conv_dw,Conv2d,"[1, 672, 14, 14]","[1, 672, 7, 7]",16800,0.1059,513.434,513.559,0.126,0.0,7,cpu
blocks.5.0.bn2.act,Hardswish,"[1, 672, 7, 7]","[1, 672, 7, 7]",0,0.0,513.434,513.559,0.126,0.0,7,cpu
blocks.5.0.se.conv_reduce,Conv2d,"[1, 672, 1, 1]","[1, 168, 1, 1]",113064,0.0119,513.434,513.434,0.001,0.0,7,cpu
blocks.5.0.se.conv_expand,Conv2d,"[1, 168, 1, 1]","[1, 672, 1, 1]",113568,0.0053,513.434,513.436,0.003,0.0,7,cpu
blocks.5.0.se.gate,Hardsigmoid,"[1, 672, 1, 1]","[1, 672, 1, 1]",0,0.0,513.434,513.436,0.003,0.0,7,cpu
blocks.5.0.conv_pwl,Conv2d,"[1, 672, 7, 7]","[1, 160, 7, 7]",107520,0.1879,513.434,513.464,0.03,0.0,7,cpu
blocks.5.1.conv_pw,Conv2d,"[1, 160, 7, 7]","[1, 960, 7, 7]",153600,0.0806,513.434,513.613,0.179,0.0,7,cpu
blocks.5.1.bn1.act,Hardswish,"[1, 960, 7, 7]","[1, 960, 7, 7]",0,0.0,513.434,513.613,0.179,0.0,7,cpu
blocks.5.1.conv_dw,Conv2d,"[1, 960, 7, 7]","[1, 960, 7, 7]",24000,0.099,513.434,513.613,0.179,0.0,7,cpu
blocks.5.1.bn2.act,Hardswish,"[1, 960, 7, 7]","[1, 960, 7, 7]",0,0.0,513.434,513.613,0.179,0.0,7,cpu
blocks.5.1.se.conv_reduce,Conv2d,"[1, 960, 1, 1]","[1, 240, 1, 1]",230640,0.0535,513.434,513.435,0.001,0.0,7,cpu
blocks.5.1.se.conv_expand,Conv2d,"[1, 240, 1, 1]","[1, 960, 1, 1]",231360,0.0411,513.434,513.437,0.004,0.0,7,cpu
blocks.5.1.se.gate,Hardsigmoid,"[1, 960, 1, 1]","[1, 960, 1, 1]",0,0.0,513.434,513.437,0.004,0.0,7,cpu
blocks.5.1.conv_pwl,Conv2d,"[1, 960, 7, 7]","[1, 160, 7, 7]",153600,0.2169,513.434,513.464,0.03,0.0,7,cpu
blocks.5.2.conv_pw,Conv2d,"[1, 160, 7, 7]","[1, 960, 7, 7]",153600,0.074,513.434,513.613,0.179,0.0,7,cpu
blocks.5.2.bn1.act,Hardswish,"[1, 960, 7, 7]","[1, 960, 7, 7]",0,0.0,513.434,513.613,0.179,0.0,7,cpu
blocks.5.2.conv_dw,Conv2d,"[1, 960, 7, 7]","[1, 960, 7, 7]",24000,0.0928,513.434,513.613,0.179,0.0,7,cpu
blocks.5.2.bn2.act,Hardswish,"[1, 960, 7, 7]","[1, 960, 7, 7]",0,0.0,513.434,513.613,0.179,0.0,7,cpu
blocks.5.2.se.conv_reduce,Conv2d,"[1, 960, 1, 1]","[1, 240, 1, 1]",230640,0.0512,513.434,513.435,0.001,0.0,7,cpu
blocks.5.2.se.conv_expand,Conv2d,"[1, 240, 1, 1]","[1, 960, 1, 1]",231360,0.0358,513.434,513.437,0.004,0.0,7,cpu
blocks.5.2.se.gate,Hardsigmoid,"[1, 960, 1, 1]","[1, 960, 1, 1]",0,0.0,513.434,513.437,0.004,0.0,7,cpu
blocks.5.2.conv_pwl,Conv2d,"[1, 960, 7, 7]","[1, 160, 7, 7]",153600,0.2034,513.434,513.464,0.03,0.0,7,cpu
blocks.6.0.conv,Conv2d,"[1, 160, 7, 7]","[1, 960, 7, 7]",153600,0.073,513.434,513.613,0.179,0.0,7,cpu
blocks.6.0.bn1.act,Hardswish,"[1, 960, 7, 7]","[1, 960, 7, 7]",0,0.0,513.434,513.613,0.179,0.0,7,cpu
global_pool.pool,AdaptiveAvgPool2d,"[1, 960, 7, 7]","[1, 960, 1, 1]",0,0.0025,513.434,513.437,0.004,0.0,7,cpu
conv_head,Conv2d,"[1, 960, 1, 1]","[1, 1280, 1, 1]",1230080,0.3584,513.434,513.438,0.005,0.0,7,cpu
act2,Hardswish,"[1, 1280, 1, 1]","[1, 1280, 1, 1]",0,0.0,513.434,513.438,0.005,0.0,7,cpu
flatten,Flatten,"[1, 1280, 1, 1]","[1, 1280]",0,0.0,513.434,513.438,0.005,0.0,7,cpu
classifier,Linear,"[1, 1280]","[1, 1000]",1281000,0.3365,513.434,513.437,0.004,0.0,7,cpu
