layer_name,mean_time_a_ms,mean_time_b_ms,delta_ms,delta_pct,mem_delta_a_mb,mem_delta_b_mb,mem_delta_diff_mb,is_regression,is_improvement,statistical_sig,p_value
[type] AdaptiveAvgPool2d,0.0089,0.0,-0.0089,-100.0,0.004,0.0,-0.004,False,False,False,1.0
[type] Conv2d,0.2074,3.1396,2.9322,1413.68,0.2668,0.574,0.3072,True,False,True,1e-06
[type] Flatten,0.0,0.0,0.0,0.0,0.005,0.0,-0.005,False,False,False,1.0
[type] GELU,0.0,0.554,0.554,0.0,0.0,2.309,2.309,False,False,False,1.0
[type] Hardsigmoid,0.0001,0.0,-0.0001,-100.0,0.002,0.0,-0.002,False,False,False,1.0
[type] Hardswish,0.0008,0.0,-0.0008,-100.0,0.2745,0.0,-0.2745,False,False,False,1.0
[type] LayerNorm,0.0,0.0226,0.0226,0.0,0.0,0.577,0.577,False,False,False,1.0
[type] Linear,0.3807,6.1177,5.7369,1506.79,0.004,1.2721,1.2681,True,False,True,3e-06
[TOTAL],0.1418,3.5646,3.4227,2413.24,0.0,0.0,0.0,True,False,True,0.0
