iteration,layer_name,layer_type,time_ms,activation_mb,flops,params,call_index,exec_order,raw_time_ms,flops_source,input_shape,output_shape,process_rss_mb,gpu_mem_before_mb,gpu_mem_after_mb,timing_backend,device
0,net.0,Linear,0.0751,0.000977,27648.0,14080,0,0,0.0758,counter,"[1, 54]","[1, 256]",1201.7,0.0,0.001,cpu_perf_counter,cpu
0,net.1,ReLU,0.0157,0.000977,256.0,0,0,1,0.0164,analytic,"[1, 256]","[1, 256]",1201.7,0.0,0.001,cpu_perf_counter,cpu
0,net.2,Linear,0.0306,0.000977,131072.0,65792,0,2,0.0313,counter,"[1, 256]","[1, 256]",1201.7,0.0,0.001,cpu_perf_counter,cpu
0,net.3,ReLU,0.0036,0.000977,256.0,0,0,3,0.0043,analytic,"[1, 256]","[1, 256]",1201.7,0.0,0.001,cpu_perf_counter,cpu
0,net.4,Linear,0.0088,2.7e-05,3584.0,1799,0,4,0.0095,counter,"[1, 256]","[1, 7]",1201.7,0.0,0.0,cpu_perf_counter,cpu
1,net.0,Linear,0.0102,0.000977,27648.0,14080,0,0,0.0109,counter,"[1, 54]","[1, 256]",1201.7,0.0,0.001,cpu_perf_counter,cpu
1,net.1,ReLU,0.0039,0.000977,256.0,0,0,1,0.0046,analytic,"[1, 256]","[1, 256]",1201.7,0.0,0.001,cpu_perf_counter,cpu
1,net.2,Linear,0.0115,0.000977,131072.0,65792,0,2,0.0122,counter,"[1, 256]","[1, 256]",1201.7,0.0,0.001,cpu_perf_counter,cpu
1,net.3,ReLU,0.0029,0.000977,256.0,0,0,3,0.0036,analytic,"[1, 256]","[1, 256]",1201.7,0.0,0.001,cpu_perf_counter,cpu
1,net.4,Linear,0.0065,2.7e-05,3584.0,1799,0,4,0.0072,counter,"[1, 256]","[1, 7]",1201.7,0.0,0.0,cpu_perf_counter,cpu
2,net.0,Linear,0.0091,0.000977,27648.0,14080,0,0,0.0098,counter,"[1, 54]","[1, 256]",1201.7,0.0,0.001,cpu_perf_counter,cpu
2,net.1,ReLU,0.0036,0.000977,256.0,0,0,1,0.0043,analytic,"[1, 256]","[1, 256]",1201.7,0.0,0.001,cpu_perf_counter,cpu
2,net.2,Linear,0.0115,0.000977,131072.0,65792,0,2,0.0122,counter,"[1, 256]","[1, 256]",1201.7,0.0,0.001,cpu_perf_counter,cpu
2,net.3,ReLU,0.0029,0.000977,256.0,0,0,3,0.0036,analytic,"[1, 256]","[1, 256]",1201.7,0.0,0.001,cpu_perf_counter,cpu
2,net.4,Linear,0.0061,2.7e-05,3584.0,1799,0,4,0.0068,counter,"[1, 256]","[1, 7]",1201.7,0.0,0.0,cpu_perf_counter,cpu
3,net.0,Linear,0.0086,0.000977,27648.0,14080,0,0,0.0093,counter,"[1, 54]","[1, 256]",1201.7,0.0,0.001,cpu_perf_counter,cpu
3,net.1,ReLU,0.0033,0.000977,256.0,0,0,1,0.004,analytic,"[1, 256]","[1, 256]",1201.7,0.0,0.001,cpu_perf_counter,cpu
3,net.2,Linear,0.0109,0.000977,131072.0,65792,0,2,0.0116,counter,"[1, 256]","[1, 256]",1201.7,0.0,0.001,cpu_perf_counter,cpu
3,net.3,ReLU,0.0027,0.000977,256.0,0,0,3,0.0034,analytic,"[1, 256]","[1, 256]",1201.7,0.0,0.001,cpu_perf_counter,cpu
3,net.4,Linear,0.0059,2.7e-05,3584.0,1799,0,4,0.0066,counter,"[1, 256]","[1, 7]",1201.7,0.0,0.0,cpu_perf_counter,cpu
4,net.0,Linear,0.0085,0.000977,27648.0,14080,0,0,0.0092,counter,"[1, 54]","[1, 256]",1201.7,0.0,0.001,cpu_perf_counter,cpu
4,net.1,ReLU,0.0032,0.000977,256.0,0,0,1,0.0039,analytic,"[1, 256]","[1, 256]",1201.7,0.0,0.001,cpu_perf_counter,cpu
4,net.2,Linear,0.0174,0.000977,131072.0,65792,0,2,0.0181,counter,"[1, 256]","[1, 256]",1201.7,0.0,0.001,cpu_perf_counter,cpu
4,net.3,ReLU,0.0033,0.000977,256.0,0,0,3,0.004,analytic,"[1, 256]","[1, 256]",1201.7,0.0,0.001,cpu_perf_counter,cpu
4,net.4,Linear,0.0063,2.7e-05,3584.0,1799,0,4,0.007,counter,"[1, 256]","[1, 7]",1201.7,0.0,0.0,cpu_perf_counter,cpu
5,net.0,Linear,0.0087,0.000977,27648.0,14080,0,0,0.0094,counter,"[1, 54]","[1, 256]",1201.7,0.0,0.001,cpu_perf_counter,cpu
5,net.1,ReLU,0.0033,0.000977,256.0,0,0,1,0.004,analytic,"[1, 256]","[1, 256]",1201.7,0.0,0.001,cpu_perf_counter,cpu
5,net.2,Linear,0.0107,0.000977,131072.0,65792,0,2,0.0114,counter,"[1, 256]","[1, 256]",1201.7,0.0,0.001,cpu_perf_counter,cpu
5,net.3,ReLU,0.0029,0.000977,256.0,0,0,3,0.0036,analytic,"[1, 256]","[1, 256]",1201.7,0.0,0.001,cpu_perf_counter,cpu
5,net.4,Linear,0.0059,2.7e-05,3584.0,1799,0,4,0.0066,counter,"[1, 256]","[1, 7]",1201.7,0.0,0.0,cpu_perf_counter,cpu
6,net.0,Linear,0.0083,0.000977,27648.0,14080,0,0,0.009,counter,"[1, 54]","[1, 256]",1201.7,0.0,0.001,cpu_perf_counter,cpu
6,net.1,ReLU,0.0031,0.000977,256.0,0,0,1,0.0038,analytic,"[1, 256]","[1, 256]",1201.7,0.0,0.001,cpu_perf_counter,cpu
6,net.2,Linear,0.0105,0.000977,131072.0,65792,0,2,0.0112,counter,"[1, 256]","[1, 256]",1201.7,0.0,0.001,cpu_perf_counter,cpu
6,net.3,ReLU,0.0027,0.000977,256.0,0,0,3,0.0034,analytic,"[1, 256]","[1, 256]",1201.7,0.0,0.001,cpu_perf_counter,cpu
6,net.4,Linear,0.0057,2.7e-05,3584.0,1799,0,4,0.0064,counter,"[1, 256]","[1, 7]",1201.7,0.0,0.0,cpu_perf_counter,cpu
7,net.0,Linear,0.0083,0.000977,27648.0,14080,0,0,0.009,counter,"[1, 54]","[1, 256]",1201.7,0.0,0.001,cpu_perf_counter,cpu
7,net.1,ReLU,0.003,0.000977,256.0,0,0,1,0.0037,analytic,"[1, 256]","[1, 256]",1201.7,0.0,0.001,cpu_perf_counter,cpu
7,net.2,Linear,0.0105,0.000977,131072.0,65792,0,2,0.0112,counter,"[1, 256]","[1, 256]",1201.7,0.0,0.001,cpu_perf_counter,cpu
7,net.3,ReLU,0.0025,0.000977,256.0,0,0,3,0.0032,analytic,"[1, 256]","[1, 256]",1201.7,0.0,0.001,cpu_perf_counter,cpu
7,net.4,Linear,0.0056,2.7e-05,3584.0,1799,0,4,0.0063,counter,"[1, 256]","[1, 7]",1201.7,0.0,0.0,cpu_perf_counter,cpu
8,net.0,Linear,0.0081,0.000977,27648.0,14080,0,0,0.0088,counter,"[1, 54]","[1, 256]",1201.7,0.0,0.001,cpu_perf_counter,cpu
8,net.1,ReLU,0.0031,0.000977,256.0,0,0,1,0.0038,analytic,"[1, 256]","[1, 256]",1201.7,0.0,0.001,cpu_perf_counter,cpu
8,net.2,Linear,0.0107,0.000977,131072.0,65792,0,2,0.0114,counter,"[1, 256]","[1, 256]",1201.7,0.0,0.001,cpu_perf_counter,cpu
8,net.3,ReLU,0.0025,0.000977,256.0,0,0,3,0.0032,analytic,"[1, 256]","[1, 256]",1201.7,0.0,0.001,cpu_perf_counter,cpu
8,net.4,Linear,0.0058,2.7e-05,3584.0,1799,0,4,0.0065,counter,"[1, 256]","[1, 7]",1201.7,0.0,0.0,cpu_perf_counter,cpu
9,net.0,Linear,0.0082,0.000977,27648.0,14080,0,0,0.0089,counter,"[1, 54]","[1, 256]",1201.7,0.0,0.001,cpu_perf_counter,cpu
9,net.1,ReLU,0.0031,0.000977,256.0,0,0,1,0.0038,analytic,"[1, 256]","[1, 256]",1201.7,0.0,0.001,cpu_perf_counter,cpu
9,net.2,Linear,0.0104,0.000977,131072.0,65792,0,2,0.0111,counter,"[1, 256]","[1, 256]",1201.7,0.0,0.001,cpu_perf_counter,cpu
9,net.3,ReLU,0.0026,0.000977,256.0,0,0,3,0.0033,analytic,"[1, 256]","[1, 256]",1201.7,0.0,0.001,cpu_perf_counter,cpu
9,net.4,Linear,0.0057,2.7e-05,3584.0,1799,0,4,0.0064,counter,"[1, 256]","[1, 7]",1201.7,0.0,0.0,cpu_perf_counter,cpu
10,net.0,Linear,0.0081,0.000977,27648.0,14080,0,0,0.0088,counter,"[1, 54]","[1, 256]",1201.7,0.0,0.001,cpu_perf_counter,cpu
10,net.1,ReLU,0.0033,0.000977,256.0,0,0,1,0.004,analytic,"[1, 256]","[1, 256]",1201.7,0.0,0.001,cpu_perf_counter,cpu
10,net.2,Linear,0.0107,0.000977,131072.0,65792,0,2,0.0114,counter,"[1, 256]","[1, 256]",1201.7,0.0,0.001,cpu_perf_counter,cpu
10,net.3,ReLU,0.0026,0.000977,256.0,0,0,3,0.0033,analytic,"[1, 256]","[1, 256]",1201.7,0.0,0.001,cpu_perf_counter,cpu
10,net.4,Linear,0.0059,2.7e-05,3584.0,1799,0,4,0.0066,counter,"[1, 256]","[1, 7]",1201.7,0.0,0.0,cpu_perf_counter,cpu
11,net.0,Linear,0.0082,0.000977,27648.0,14080,0,0,0.0089,counter,"[1, 54]","[1, 256]",1201.7,0.0,0.001,cpu_perf_counter,cpu
11,net.1,ReLU,0.0032,0.000977,256.0,0,0,1,0.0039,analytic,"[1, 256]","[1, 256]",1201.7,0.0,0.001,cpu_perf_counter,cpu
11,net.2,Linear,0.0108,0.000977,131072.0,65792,0,2,0.0115,counter,"[1, 256]","[1, 256]",1201.7,0.0,0.001,cpu_perf_counter,cpu
11,net.3,ReLU,0.0025,0.000977,256.0,0,0,3,0.0032,analytic,"[1, 256]","[1, 256]",1201.7,0.0,0.001,cpu_perf_counter,cpu
11,net.4,Linear,0.0058,2.7e-05,3584.0,1799,0,4,0.0065,counter,"[1, 256]","[1, 7]",1201.7,0.0,0.0,cpu_perf_counter,cpu
12,net.0,Linear,0.0084,0.000977,27648.0,14080,0,0,0.0091,counter,"[1, 54]","[1, 256]",1201.7,0.0,0.001,cpu_perf_counter,cpu
12,net.1,ReLU,0.003,0.000977,256.0,0,0,1,0.0037,analytic,"[1, 256]","[1, 256]",1201.7,0.0,0.001,cpu_perf_counter,cpu
12,net.2,Linear,0.0105,0.000977,131072.0,65792,0,2,0.0112,counter,"[1, 256]","[1, 256]",1201.7,0.0,0.001,cpu_perf_counter,cpu
12,net.3,ReLU,0.0027,0.000977,256.0,0,0,3,0.0034,analytic,"[1, 256]","[1, 256]",1201.7,0.0,0.001,cpu_perf_counter,cpu
12,net.4,Linear,0.0058,2.7e-05,3584.0,1799,0,4,0.0065,counter,"[1, 256]","[1, 7]",1201.7,0.0,0.0,cpu_perf_counter,cpu
13,net.0,Linear,0.008,0.000977,27648.0,14080,0,0,0.0087,counter,"[1, 54]","[1, 256]",1201.7,0.0,0.001,cpu_perf_counter,cpu
13,net.1,ReLU,0.003,0.000977,256.0,0,0,1,0.0037,analytic,"[1, 256]","[1, 256]",1201.7,0.0,0.001,cpu_perf_counter,cpu
13,net.2,Linear,0.0108,0.000977,131072.0,65792,0,2,0.0115,counter,"[1, 256]","[1, 256]",1201.7,0.0,0.001,cpu_perf_counter,cpu
13,net.3,ReLU,0.0025,0.000977,256.0,0,0,3,0.0032,analytic,"[1, 256]","[1, 256]",1201.7,0.0,0.001,cpu_perf_counter,cpu
13,net.4,Linear,0.0056,2.7e-05,3584.0,1799,0,4,0.0063,counter,"[1, 256]","[1, 7]",1201.7,0.0,0.0,cpu_perf_counter,cpu
14,net.0,Linear,0.0094,0.000977,27648.0,14080,0,0,0.0101,counter,"[1, 54]","[1, 256]",1201.7,0.0,0.001,cpu_perf_counter,cpu
14,net.1,ReLU,0.0034,0.000977,256.0,0,0,1,0.0041,analytic,"[1, 256]","[1, 256]",1201.7,0.0,0.001,cpu_perf_counter,cpu
14,net.2,Linear,0.011,0.000977,131072.0,65792,0,2,0.0117,counter,"[1, 256]","[1, 256]",1201.7,0.0,0.001,cpu_perf_counter,cpu
14,net.3,ReLU,0.0025,0.000977,256.0,0,0,3,0.0032,analytic,"[1, 256]","[1, 256]",1201.7,0.0,0.001,cpu_perf_counter,cpu
14,net.4,Linear,0.0057,2.7e-05,3584.0,1799,0,4,0.0064,counter,"[1, 256]","[1, 7]",1201.7,0.0,0.0,cpu_perf_counter,cpu
15,net.0,Linear,0.0085,0.000977,27648.0,14080,0,0,0.0092,counter,"[1, 54]","[1, 256]",1201.7,0.0,0.001,cpu_perf_counter,cpu
15,net.1,ReLU,0.003,0.000977,256.0,0,0,1,0.0037,analytic,"[1, 256]","[1, 256]",1201.7,0.0,0.001,cpu_perf_counter,cpu
15,net.2,Linear,0.011,0.000977,131072.0,65792,0,2,0.0117,counter,"[1, 256]","[1, 256]",1201.7,0.0,0.001,cpu_perf_counter,cpu
15,net.3,ReLU,0.0026,0.000977,256.0,0,0,3,0.0033,analytic,"[1, 256]","[1, 256]",1201.7,0.0,0.001,cpu_perf_counter,cpu
15,net.4,Linear,0.0058,2.7e-05,3584.0,1799,0,4,0.0065,counter,"[1, 256]","[1, 7]",1201.7,0.0,0.0,cpu_perf_counter,cpu
16,net.0,Linear,0.0082,0.000977,27648.0,14080,0,0,0.0089,counter,"[1, 54]","[1, 256]",1201.7,0.0,0.001,cpu_perf_counter,cpu
16,net.1,ReLU,0.0031,0.000977,256.0,0,0,1,0.0038,analytic,"[1, 256]","[1, 256]",1201.7,0.0,0.001,cpu_perf_counter,cpu
16,net.2,Linear,0.0105,0.000977,131072.0,65792,0,2,0.0112,counter,"[1, 256]","[1, 256]",1201.7,0.0,0.001,cpu_perf_counter,cpu
16,net.3,ReLU,0.0026,0.000977,256.0,0,0,3,0.0033,analytic,"[1, 256]","[1, 256]",1201.7,0.0,0.001,cpu_perf_counter,cpu
16,net.4,Linear,0.0058,2.7e-05,3584.0,1799,0,4,0.0065,counter,"[1, 256]","[1, 7]",1201.7,0.0,0.0,cpu_perf_counter,cpu
17,net.0,Linear,0.0082,0.000977,27648.0,14080,0,0,0.0089,counter,"[1, 54]","[1, 256]",1201.7,0.0,0.001,cpu_perf_counter,cpu
17,net.1,ReLU,0.0033,0.000977,256.0,0,0,1,0.004,analytic,"[1, 256]","[1, 256]",1201.7,0.0,0.001,cpu_perf_counter,cpu
17,net.2,Linear,0.0105,0.000977,131072.0,65792,0,2,0.0112,counter,"[1, 256]","[1, 256]",1201.7,0.0,0.001,cpu_perf_counter,cpu
17,net.3,ReLU,0.0026,0.000977,256.0,0,0,3,0.0033,analytic,"[1, 256]","[1, 256]",1201.7,0.0,0.001,cpu_perf_counter,cpu
17,net.4,Linear,0.0057,2.7e-05,3584.0,1799,0,4,0.0064,counter,"[1, 256]","[1, 7]",1201.7,0.0,0.0,cpu_perf_counter,cpu
18,net.0,Linear,0.008,0.000977,27648.0,14080,0,0,0.0087,counter,"[1, 54]","[1, 256]",1201.7,0.0,0.001,cpu_perf_counter,cpu
18,net.1,ReLU,0.0032,0.000977,256.0,0,0,1,0.0039,analytic,"[1, 256]","[1, 256]",1201.7,0.0,0.001,cpu_perf_counter,cpu
18,net.2,Linear,0.011,0.000977,131072.0,65792,0,2,0.0117,counter,"[1, 256]","[1, 256]",1201.7,0.0,0.001,cpu_perf_counter,cpu
18,net.3,ReLU,0.0027,0.000977,256.0,0,0,3,0.0034,analytic,"[1, 256]","[1, 256]",1201.7,0.0,0.001,cpu_perf_counter,cpu
18,net.4,Linear,0.0058,2.7e-05,3584.0,1799,0,4,0.0065,counter,"[1, 256]","[1, 7]",1201.7,0.0,0.0,cpu_perf_counter,cpu
19,net.0,Linear,0.0079,0.000977,27648.0,14080,0,0,0.0086,counter,"[1, 54]","[1, 256]",1201.7,0.0,0.001,cpu_perf_counter,cpu
19,net.1,ReLU,0.003,0.000977,256.0,0,0,1,0.0037,analytic,"[1, 256]","[1, 256]",1201.7,0.0,0.001,cpu_perf_counter,cpu
19,net.2,Linear,0.0108,0.000977,131072.0,65792,0,2,0.0115,counter,"[1, 256]","[1, 256]",1201.7,0.0,0.001,cpu_perf_counter,cpu
19,net.3,ReLU,0.0026,0.000977,256.0,0,0,3,0.0033,analytic,"[1, 256]","[1, 256]",1201.7,0.0,0.001,cpu_perf_counter,cpu
19,net.4,Linear,0.0057,2.7e-05,3584.0,1799,0,4,0.0064,counter,"[1, 256]","[1, 7]",1201.7,0.0,0.0,cpu_perf_counter,cpu
20,net.0,Linear,0.008,0.000977,27648.0,14080,0,0,0.0087,counter,"[1, 54]","[1, 256]",1201.7,0.0,0.001,cpu_perf_counter,cpu
20,net.1,ReLU,0.0031,0.000977,256.0,0,0,1,0.0038,analytic,"[1, 256]","[1, 256]",1201.7,0.0,0.001,cpu_perf_counter,cpu
20,net.2,Linear,0.0106,0.000977,131072.0,65792,0,2,0.0113,counter,"[1, 256]","[1, 256]",1201.7,0.0,0.001,cpu_perf_counter,cpu
20,net.3,ReLU,0.0025,0.000977,256.0,0,0,3,0.0032,analytic,"[1, 256]","[1, 256]",1201.7,0.0,0.001,cpu_perf_counter,cpu
20,net.4,Linear,0.0058,2.7e-05,3584.0,1799,0,4,0.0065,counter,"[1, 256]","[1, 7]",1201.7,0.0,0.0,cpu_perf_counter,cpu
21,net.0,Linear,0.0081,0.000977,27648.0,14080,0,0,0.0088,counter,"[1, 54]","[1, 256]",1201.7,0.0,0.001,cpu_perf_counter,cpu
21,net.1,ReLU,0.003,0.000977,256.0,0,0,1,0.0037,analytic,"[1, 256]","[1, 256]",1201.7,0.0,0.001,cpu_perf_counter,cpu
21,net.2,Linear,0.0105,0.000977,131072.0,65792,0,2,0.0112,counter,"[1, 256]","[1, 256]",1201.7,0.0,0.001,cpu_perf_counter,cpu
21,net.3,ReLU,0.0026,0.000977,256.0,0,0,3,0.0033,analytic,"[1, 256]","[1, 256]",1201.7,0.0,0.001,cpu_perf_counter,cpu
21,net.4,Linear,0.0057,2.7e-05,3584.0,1799,0,4,0.0064,counter,"[1, 256]","[1, 7]",1201.7,0.0,0.0,cpu_perf_counter,cpu
22,net.0,Linear,0.008,0.000977,27648.0,14080,0,0,0.0087,counter,"[1, 54]","[1, 256]",1201.7,0.0,0.001,cpu_perf_counter,cpu
22,net.1,ReLU,0.003,0.000977,256.0,0,0,1,0.0037,analytic,"[1, 256]","[1, 256]",1201.7,0.0,0.001,cpu_perf_counter,cpu
22,net.2,Linear,0.0105,0.000977,131072.0,65792,0,2,0.0112,counter,"[1, 256]","[1, 256]",1201.7,0.0,0.001,cpu_perf_counter,cpu
22,net.3,ReLU,0.0026,0.000977,256.0,0,0,3,0.0033,analytic,"[1, 256]","[1, 256]",1201.7,0.0,0.001,cpu_perf_counter,cpu
22,net.4,Linear,0.0056,2.7e-05,3584.0,1799,0,4,0.0063,counter,"[1, 256]","[1, 7]",1201.7,0.0,0.0,cpu_perf_counter,cpu
23,net.0,Linear,0.0082,0.000977,27648.0,14080,0,0,0.0089,counter,"[1, 54]","[1, 256]",1201.7,0.0,0.001,cpu_perf_counter,cpu
23,net.1,ReLU,0.0029,0.000977,256.0,0,0,1,0.0036,analytic,"[1, 256]","[1, 256]",1201.7,0.0,0.001,cpu_perf_counter,cpu
23,net.2,Linear,0.015,0.000977,131072.0,65792,0,2,0.0157,counter,"[1, 256]","[1, 256]",1201.7,0.0,0.001,cpu_perf_counter,cpu
23,net.3,ReLU,0.0029,0.000977,256.0,0,0,3,0.0036,analytic,"[1, 256]","[1, 256]",1201.7,0.0,0.001,cpu_perf_counter,cpu
23,net.4,Linear,0.0063,2.7e-05,3584.0,1799,0,4,0.007,counter,"[1, 256]","[1, 7]",1201.7,0.0,0.0,cpu_perf_counter,cpu
24,net.0,Linear,0.0082,0.000977,27648.0,14080,0,0,0.0089,counter,"[1, 54]","[1, 256]",1201.7,0.0,0.001,cpu_perf_counter,cpu
24,net.1,ReLU,0.003,0.000977,256.0,0,0,1,0.0037,analytic,"[1, 256]","[1, 256]",1201.7,0.0,0.001,cpu_perf_counter,cpu
24,net.2,Linear,0.0107,0.000977,131072.0,65792,0,2,0.0114,counter,"[1, 256]","[1, 256]",1201.7,0.0,0.001,cpu_perf_counter,cpu
24,net.3,ReLU,0.0028,0.000977,256.0,0,0,3,0.0035,analytic,"[1, 256]","[1, 256]",1201.7,0.0,0.001,cpu_perf_counter,cpu
24,net.4,Linear,0.0058,2.7e-05,3584.0,1799,0,4,0.0065,counter,"[1, 256]","[1, 7]",1201.7,0.0,0.0,cpu_perf_counter,cpu
25,net.0,Linear,0.008,0.000977,27648.0,14080,0,0,0.0087,counter,"[1, 54]","[1, 256]",1201.7,0.0,0.001,cpu_perf_counter,cpu
25,net.1,ReLU,0.003,0.000977,256.0,0,0,1,0.0037,analytic,"[1, 256]","[1, 256]",1201.7,0.0,0.001,cpu_perf_counter,cpu
25,net.2,Linear,0.0105,0.000977,131072.0,65792,0,2,0.0112,counter,"[1, 256]","[1, 256]",1201.7,0.0,0.001,cpu_perf_counter,cpu
25,net.3,ReLU,0.0026,0.000977,256.0,0,0,3,0.0033,analytic,"[1, 256]","[1, 256]",1201.7,0.0,0.001,cpu_perf_counter,cpu
25,net.4,Linear,0.0056,2.7e-05,3584.0,1799,0,4,0.0063,counter,"[1, 256]","[1, 7]",1201.7,0.0,0.0,cpu_perf_counter,cpu
26,net.0,Linear,0.0081,0.000977,27648.0,14080,0,0,0.0088,counter,"[1, 54]","[1, 256]",1201.7,0.0,0.001,cpu_perf_counter,cpu
26,net.1,ReLU,0.0032,0.000977,256.0,0,0,1,0.0039,analytic,"[1, 256]","[1, 256]",1201.7,0.0,0.001,cpu_perf_counter,cpu
26,net.2,Linear,0.0107,0.000977,131072.0,65792,0,2,0.0114,counter,"[1, 256]","[1, 256]",1201.7,0.0,0.001,cpu_perf_counter,cpu
26,net.3,ReLU,0.0026,0.000977,256.0,0,0,3,0.0033,analytic,"[1, 256]","[1, 256]",1201.7,0.0,0.001,cpu_perf_counter,cpu
26,net.4,Linear,0.0057,2.7e-05,3584.0,1799,0,4,0.0064,counter,"[1, 256]","[1, 7]",1201.7,0.0,0.0,cpu_perf_counter,cpu
27,net.0,Linear,0.008,0.000977,27648.0,14080,0,0,0.0087,counter,"[1, 54]","[1, 256]",1201.7,0.0,0.001,cpu_perf_counter,cpu
27,net.1,ReLU,0.0031,0.000977,256.0,0,0,1,0.0038,analytic,"[1, 256]","[1, 256]",1201.7,0.0,0.001,cpu_perf_counter,cpu
27,net.2,Linear,0.0106,0.000977,131072.0,65792,0,2,0.0113,counter,"[1, 256]","[1, 256]",1201.7,0.0,0.001,cpu_perf_counter,cpu
27,net.3,ReLU,0.0025,0.000977,256.0,0,0,3,0.0032,analytic,"[1, 256]","[1, 256]",1201.7,0.0,0.001,cpu_perf_counter,cpu
27,net.4,Linear,0.0057,2.7e-05,3584.0,1799,0,4,0.0064,counter,"[1, 256]","[1, 7]",1201.7,0.0,0.0,cpu_perf_counter,cpu
28,net.0,Linear,0.008,0.000977,27648.0,14080,0,0,0.0087,counter,"[1, 54]","[1, 256]",1201.7,0.0,0.001,cpu_perf_counter,cpu
28,net.1,ReLU,0.003,0.000977,256.0,0,0,1,0.0037,analytic,"[1, 256]","[1, 256]",1201.7,0.0,0.001,cpu_perf_counter,cpu
28,net.2,Linear,0.0105,0.000977,131072.0,65792,0,2,0.0112,counter,"[1, 256]","[1, 256]",1201.7,0.0,0.001,cpu_perf_counter,cpu
28,net.3,ReLU,0.0025,0.000977,256.0,0,0,3,0.0032,analytic,"[1, 256]","[1, 256]",1201.7,0.0,0.001,cpu_perf_counter,cpu
28,net.4,Linear,0.0057,2.7e-05,3584.0,1799,0,4,0.0064,counter,"[1, 256]","[1, 7]",1201.7,0.0,0.0,cpu_perf_counter,cpu
29,net.0,Linear,0.008,0.000977,27648.0,14080,0,0,0.0087,counter,"[1, 54]","[1, 256]",1201.7,0.0,0.001,cpu_perf_counter,cpu
29,net.1,ReLU,0.0031,0.000977,256.0,0,0,1,0.0038,analytic,"[1, 256]","[1, 256]",1201.7,0.0,0.001,cpu_perf_counter,cpu
29,net.2,Linear,0.0104,0.000977,131072.0,65792,0,2,0.0111,counter,"[1, 256]","[1, 256]",1201.7,0.0,0.001,cpu_perf_counter,cpu
29,net.3,ReLU,0.0026,0.000977,256.0,0,0,3,0.0033,analytic,"[1, 256]","[1, 256]",1201.7,0.0,0.001,cpu_perf_counter,cpu
29,net.4,Linear,0.0057,2.7e-05,3584.0,1799,0,4,0.0064,counter,"[1, 256]","[1, 7]",1201.7,0.0,0.0,cpu_perf_counter,cpu
30,net.0,Linear,0.008,0.000977,27648.0,14080,0,0,0.0087,counter,"[1, 54]","[1, 256]",1201.7,0.0,0.001,cpu_perf_counter,cpu
30,net.1,ReLU,0.0032,0.000977,256.0,0,0,1,0.0039,analytic,"[1, 256]","[1, 256]",1201.7,0.0,0.001,cpu_perf_counter,cpu
30,net.2,Linear,0.0105,0.000977,131072.0,65792,0,2,0.0112,counter,"[1, 256]","[1, 256]",1201.7,0.0,0.001,cpu_perf_counter,cpu
30,net.3,ReLU,0.0026,0.000977,256.0,0,0,3,0.0033,analytic,"[1, 256]","[1, 256]",1201.7,0.0,0.001,cpu_perf_counter,cpu
30,net.4,Linear,0.0057,2.7e-05,3584.0,1799,0,4,0.0064,counter,"[1, 256]","[1, 7]",1201.7,0.0,0.0,cpu_perf_counter,cpu
31,net.0,Linear,0.0082,0.000977,27648.0,14080,0,0,0.0089,counter,"[1, 54]","[1, 256]",1201.7,0.0,0.001,cpu_perf_counter,cpu
31,net.1,ReLU,0.0033,0.000977,256.0,0,0,1,0.004,analytic,"[1, 256]","[1, 256]",1201.7,0.0,0.001,cpu_perf_counter,cpu
31,net.2,Linear,0.0103,0.000977,131072.0,65792,0,2,0.011,counter,"[1, 256]","[1, 256]",1201.7,0.0,0.001,cpu_perf_counter,cpu
31,net.3,ReLU,0.0025,0.000977,256.0,0,0,3,0.0032,analytic,"[1, 256]","[1, 256]",1201.7,0.0,0.001,cpu_perf_counter,cpu
31,net.4,Linear,0.0058,2.7e-05,3584.0,1799,0,4,0.0065,counter,"[1, 256]","[1, 7]",1201.7,0.0,0.0,cpu_perf_counter,cpu
32,net.0,Linear,0.0079,0.000977,27648.0,14080,0,0,0.0086,counter,"[1, 54]","[1, 256]",1201.7,0.0,0.001,cpu_perf_counter,cpu
32,net.1,ReLU,0.003,0.000977,256.0,0,0,1,0.0037,analytic,"[1, 256]","[1, 256]",1201.7,0.0,0.001,cpu_perf_counter,cpu
32,net.2,Linear,0.0105,0.000977,131072.0,65792,0,2,0.0112,counter,"[1, 256]","[1, 256]",1201.7,0.0,0.001,cpu_perf_counter,cpu
32,net.3,ReLU,0.0025,0.000977,256.0,0,0,3,0.0032,analytic,"[1, 256]","[1, 256]",1201.7,0.0,0.001,cpu_perf_counter,cpu
32,net.4,Linear,0.0056,2.7e-05,3584.0,1799,0,4,0.0063,counter,"[1, 256]","[1, 7]",1201.7,0.0,0.0,cpu_perf_counter,cpu
33,net.0,Linear,0.008,0.000977,27648.0,14080,0,0,0.0087,counter,"[1, 54]","[1, 256]",1201.7,0.0,0.001,cpu_perf_counter,cpu
33,net.1,ReLU,0.0032,0.000977,256.0,0,0,1,0.0039,analytic,"[1, 256]","[1, 256]",1201.7,0.0,0.001,cpu_perf_counter,cpu
33,net.2,Linear,0.0114,0.000977,131072.0,65792,0,2,0.0121,counter,"[1, 256]","[1, 256]",1201.7,0.0,0.001,cpu_perf_counter,cpu
33,net.3,ReLU,0.0029,0.000977,256.0,0,0,3,0.0036,analytic,"[1, 256]","[1, 256]",1201.7,0.0,0.001,cpu_perf_counter,cpu
33,net.4,Linear,0.006,2.7e-05,3584.0,1799,0,4,0.0067,counter,"[1, 256]","[1, 7]",1201.7,0.0,0.0,cpu_perf_counter,cpu
34,net.0,Linear,0.0081,0.000977,27648.0,14080,0,0,0.0088,counter,"[1, 54]","[1, 256]",1201.7,0.0,0.001,cpu_perf_counter,cpu
34,net.1,ReLU,0.003,0.000977,256.0,0,0,1,0.0037,analytic,"[1, 256]","[1, 256]",1201.7,0.0,0.001,cpu_perf_counter,cpu
34,net.2,Linear,0.0105,0.000977,131072.0,65792,0,2,0.0112,counter,"[1, 256]","[1, 256]",1201.7,0.0,0.001,cpu_perf_counter,cpu
34,net.3,ReLU,0.0026,0.000977,256.0,0,0,3,0.0033,analytic,"[1, 256]","[1, 256]",1201.7,0.0,0.001,cpu_perf_counter,cpu
34,net.4,Linear,0.0057,2.7e-05,3584.0,1799,0,4,0.0064,counter,"[1, 256]","[1, 7]",1201.7,0.0,0.0,cpu_perf_counter,cpu
35,net.0,Linear,0.0082,0.000977,27648.0,14080,0,0,0.0089,counter,"[1, 54]","[1, 256]",1201.7,0.0,0.001,cpu_perf_counter,cpu
35,net.1,ReLU,0.0031,0.000977,256.0,0,0,1,0.0038,analytic,"[1, 256]","[1, 256]",1201.7,0.0,0.001,cpu_perf_counter,cpu
35,net.2,Linear,0.0105,0.000977,131072.0,65792,0,2,0.0112,counter,"[1, 256]","[1, 256]",1201.7,0.0,0.001,cpu_perf_counter,cpu
35,net.3,ReLU,0.0025,0.000977,256.0,0,0,3,0.0032,analytic,"[1, 256]","[1, 256]",1201.7,0.0,0.001,cpu_perf_counter,cpu
35,net.4,Linear,0.0057,2.7e-05,3584.0,1799,0,4,0.0064,counter,"[1, 256]","[1, 7]",1201.7,0.0,0.0,cpu_perf_counter,cpu
36,net.0,Linear,0.008,0.000977,27648.0,14080,0,0,0.0087,counter,"[1, 54]","[1, 256]",1201.7,0.0,0.001,cpu_perf_counter,cpu
36,net.1,ReLU,0.003,0.000977,256.0,0,0,1,0.0037,analytic,"[1, 256]","[1, 256]",1201.7,0.0,0.001,cpu_perf_counter,cpu
36,net.2,Linear,0.0104,0.000977,131072.0,65792,0,2,0.0111,counter,"[1, 256]","[1, 256]",1201.7,0.0,0.001,cpu_perf_counter,cpu
36,net.3,ReLU,0.0026,0.000977,256.0,0,0,3,0.0033,analytic,"[1, 256]","[1, 256]",1201.7,0.0,0.001,cpu_perf_counter,cpu
36,net.4,Linear,0.0057,2.7e-05,3584.0,1799,0,4,0.0064,counter,"[1, 256]","[1, 7]",1201.7,0.0,0.0,cpu_perf_counter,cpu
37,net.0,Linear,0.0079,0.000977,27648.0,14080,0,0,0.0086,counter,"[1, 54]","[1, 256]",1201.7,0.0,0.001,cpu_perf_counter,cpu
37,net.1,ReLU,0.003,0.000977,256.0,0,0,1,0.0037,analytic,"[1, 256]","[1, 256]",1201.7,0.0,0.001,cpu_perf_counter,cpu
37,net.2,Linear,0.0105,0.000977,131072.0,65792,0,2,0.0112,counter,"[1, 256]","[1, 256]",1201.7,0.0,0.001,cpu_perf_counter,cpu
37,net.3,ReLU,0.0025,0.000977,256.0,0,0,3,0.0032,analytic,"[1, 256]","[1, 256]",1201.7,0.0,0.001,cpu_perf_counter,cpu
37,net.4,Linear,0.0057,2.7e-05,3584.0,1799,0,4,0.0064,counter,"[1, 256]","[1, 7]",1201.7,0.0,0.0,cpu_perf_counter,cpu
38,net.0,Linear,0.0098,0.000977,27648.0,14080,0,0,0.0105,counter,"[1, 54]","[1, 256]",1201.7,0.0,0.001,cpu_perf_counter,cpu
38,net.1,ReLU,0.0033,0.000977,256.0,0,0,1,0.004,analytic,"[1, 256]","[1, 256]",1201.7,0.0,0.001,cpu_perf_counter,cpu
38,net.2,Linear,0.0111,0.000977,131072.0,65792,0,2,0.0118,counter,"[1, 256]","[1, 256]",1201.7,0.0,0.001,cpu_perf_counter,cpu
38,net.3,ReLU,0.0027,0.000977,256.0,0,0,3,0.0034,analytic,"[1, 256]","[1, 256]",1201.7,0.0,0.001,cpu_perf_counter,cpu
38,net.4,Linear,0.0058,2.7e-05,3584.0,1799,0,4,0.0065,counter,"[1, 256]","[1, 7]",1201.7,0.0,0.0,cpu_perf_counter,cpu
39,net.0,Linear,0.0082,0.000977,27648.0,14080,0,0,0.0089,counter,"[1, 54]","[1, 256]",1201.7,0.0,0.001,cpu_perf_counter,cpu
39,net.1,ReLU,0.0031,0.000977,256.0,0,0,1,0.0038,analytic,"[1, 256]","[1, 256]",1201.7,0.0,0.001,cpu_perf_counter,cpu
39,net.2,Linear,0.0104,0.000977,131072.0,65792,0,2,0.0111,counter,"[1, 256]","[1, 256]",1201.7,0.0,0.001,cpu_perf_counter,cpu
39,net.3,ReLU,0.0026,0.000977,256.0,0,0,3,0.0033,analytic,"[1, 256]","[1, 256]",1201.7,0.0,0.001,cpu_perf_counter,cpu
39,net.4,Linear,0.0057,2.7e-05,3584.0,1799,0,4,0.0064,counter,"[1, 256]","[1, 7]",1201.7,0.0,0.0,cpu_perf_counter,cpu
40,net.0,Linear,0.0081,0.000977,27648.0,14080,0,0,0.0088,counter,"[1, 54]","[1, 256]",1201.7,0.0,0.001,cpu_perf_counter,cpu
40,net.1,ReLU,0.0031,0.000977,256.0,0,0,1,0.0038,analytic,"[1, 256]","[1, 256]",1201.7,0.0,0.001,cpu_perf_counter,cpu
40,net.2,Linear,0.0105,0.000977,131072.0,65792,0,2,0.0112,counter,"[1, 256]","[1, 256]",1201.7,0.0,0.001,cpu_perf_counter,cpu
40,net.3,ReLU,0.0026,0.000977,256.0,0,0,3,0.0033,analytic,"[1, 256]","[1, 256]",1201.7,0.0,0.001,cpu_perf_counter,cpu
40,net.4,Linear,0.0059,2.7e-05,3584.0,1799,0,4,0.0066,counter,"[1, 256]","[1, 7]",1201.7,0.0,0.0,cpu_perf_counter,cpu
41,net.0,Linear,0.008,0.000977,27648.0,14080,0,0,0.0087,counter,"[1, 54]","[1, 256]",1201.7,0.0,0.001,cpu_perf_counter,cpu
41,net.1,ReLU,0.003,0.000977,256.0,0,0,1,0.0037,analytic,"[1, 256]","[1, 256]",1201.7,0.0,0.001,cpu_perf_counter,cpu
41,net.2,Linear,0.0107,0.000977,131072.0,65792,0,2,0.0114,counter,"[1, 256]","[1, 256]",1201.7,0.0,0.001,cpu_perf_counter,cpu
41,net.3,ReLU,0.0027,0.000977,256.0,0,0,3,0.0034,analytic,"[1, 256]","[1, 256]",1201.7,0.0,0.001,cpu_perf_counter,cpu
41,net.4,Linear,0.0057,2.7e-05,3584.0,1799,0,4,0.0064,counter,"[1, 256]","[1, 7]",1201.7,0.0,0.0,cpu_perf_counter,cpu
42,net.0,Linear,0.0078,0.000977,27648.0,14080,0,0,0.0085,counter,"[1, 54]","[1, 256]",1201.7,0.0,0.001,cpu_perf_counter,cpu
42,net.1,ReLU,0.0031,0.000977,256.0,0,0,1,0.0038,analytic,"[1, 256]","[1, 256]",1201.7,0.0,0.001,cpu_perf_counter,cpu
42,net.2,Linear,0.0103,0.000977,131072.0,65792,0,2,0.011,counter,"[1, 256]","[1, 256]",1201.7,0.0,0.001,cpu_perf_counter,cpu
42,net.3,ReLU,0.0026,0.000977,256.0,0,0,3,0.0033,analytic,"[1, 256]","[1, 256]",1201.7,0.0,0.001,cpu_perf_counter,cpu
42,net.4,Linear,0.0063,2.7e-05,3584.0,1799,0,4,0.007,counter,"[1, 256]","[1, 7]",1201.7,0.0,0.0,cpu_perf_counter,cpu
43,net.0,Linear,0.0082,0.000977,27648.0,14080,0,0,0.0089,counter,"[1, 54]","[1, 256]",1201.7,0.0,0.001,cpu_perf_counter,cpu
43,net.1,ReLU,0.0035,0.000977,256.0,0,0,1,0.0042,analytic,"[1, 256]","[1, 256]",1201.7,0.0,0.001,cpu_perf_counter,cpu
43,net.2,Linear,0.011,0.000977,131072.0,65792,0,2,0.0117,counter,"[1, 256]","[1, 256]",1201.7,0.0,0.001,cpu_perf_counter,cpu
43,net.3,ReLU,0.0028,0.000977,256.0,0,0,3,0.0035,analytic,"[1, 256]","[1, 256]",1201.7,0.0,0.001,cpu_perf_counter,cpu
43,net.4,Linear,0.0058,2.7e-05,3584.0,1799,0,4,0.0065,counter,"[1, 256]","[1, 7]",1201.7,0.0,0.0,cpu_perf_counter,cpu
44,net.0,Linear,0.0079,0.000977,27648.0,14080,0,0,0.0086,counter,"[1, 54]","[1, 256]",1201.7,0.0,0.001,cpu_perf_counter,cpu
44,net.1,ReLU,0.0031,0.000977,256.0,0,0,1,0.0038,analytic,"[1, 256]","[1, 256]",1201.7,0.0,0.001,cpu_perf_counter,cpu
44,net.2,Linear,0.0105,0.000977,131072.0,65792,0,2,0.0112,counter,"[1, 256]","[1, 256]",1201.7,0.0,0.001,cpu_perf_counter,cpu
44,net.3,ReLU,0.0025,0.000977,256.0,0,0,3,0.0032,analytic,"[1, 256]","[1, 256]",1201.7,0.0,0.001,cpu_perf_counter,cpu
44,net.4,Linear,0.0058,2.7e-05,3584.0,1799,0,4,0.0065,counter,"[1, 256]","[1, 7]",1201.7,0.0,0.0,cpu_perf_counter,cpu
45,net.0,Linear,0.008,0.000977,27648.0,14080,0,0,0.0087,counter,"[1, 54]","[1, 256]",1201.7,0.0,0.001,cpu_perf_counter,cpu
45,net.1,ReLU,0.0031,0.000977,256.0,0,0,1,0.0038,analytic,"[1, 256]","[1, 256]",1201.7,0.0,0.001,cpu_perf_counter,cpu
45,net.2,Linear,0.0106,0.000977,131072.0,65792,0,2,0.0113,counter,"[1, 256]","[1, 256]",1201.7,0.0,0.001,cpu_perf_counter,cpu
45,net.3,ReLU,0.0026,0.000977,256.0,0,0,3,0.0033,analytic,"[1, 256]","[1, 256]",1201.7,0.0,0.001,cpu_perf_counter,cpu
45,net.4,Linear,0.0057,2.7e-05,3584.0,1799,0,4,0.0064,counter,"[1, 256]","[1, 7]",1201.7,0.0,0.0,cpu_perf_counter,cpu
46,net.0,Linear,0.0081,0.000977,27648.0,14080,0,0,0.0088,counter,"[1, 54]","[1, 256]",1201.7,0.0,0.001,cpu_perf_counter,cpu
46,net.1,ReLU,0.0032,0.000977,256.0,0,0,1,0.0039,analytic,"[1, 256]","[1, 256]",1201.7,0.0,0.001,cpu_perf_counter,cpu
46,net.2,Linear,0.0108,0.000977,131072.0,65792,0,2,0.0115,counter,"[1, 256]","[1, 256]",1201.7,0.0,0.001,cpu_perf_counter,cpu
46,net.3,ReLU,0.0025,0.000977,256.0,0,0,3,0.0032,analytic,"[1, 256]","[1, 256]",1201.7,0.0,0.001,cpu_perf_counter,cpu
46,net.4,Linear,0.0057,2.7e-05,3584.0,1799,0,4,0.0064,counter,"[1, 256]","[1, 7]",1201.7,0.0,0.0,cpu_perf_counter,cpu
47,net.0,Linear,0.0083,0.000977,27648.0,14080,0,0,0.009,counter,"[1, 54]","[1, 256]",1201.7,0.0,0.001,cpu_perf_counter,cpu
47,net.1,ReLU,0.0031,0.000977,256.0,0,0,1,0.0038,analytic,"[1, 256]","[1, 256]",1201.7,0.0,0.001,cpu_perf_counter,cpu
47,net.2,Linear,0.0107,0.000977,131072.0,65792,0,2,0.0114,counter,"[1, 256]","[1, 256]",1201.7,0.0,0.001,cpu_perf_counter,cpu
47,net.3,ReLU,0.0027,0.000977,256.0,0,0,3,0.0034,analytic,"[1, 256]","[1, 256]",1201.7,0.0,0.001,cpu_perf_counter,cpu
47,net.4,Linear,0.0058,2.7e-05,3584.0,1799,0,4,0.0065,counter,"[1, 256]","[1, 7]",1201.7,0.0,0.0,cpu_perf_counter,cpu
48,net.0,Linear,0.0079,0.000977,27648.0,14080,0,0,0.0086,counter,"[1, 54]","[1, 256]",1201.7,0.0,0.001,cpu_perf_counter,cpu
48,net.1,ReLU,0.003,0.000977,256.0,0,0,1,0.0037,analytic,"[1, 256]","[1, 256]",1201.7,0.0,0.001,cpu_perf_counter,cpu
48,net.2,Linear,0.0105,0.000977,131072.0,65792,0,2,0.0112,counter,"[1, 256]","[1, 256]",1201.7,0.0,0.001,cpu_perf_counter,cpu
48,net.3,ReLU,0.0028,0.000977,256.0,0,0,3,0.0035,analytic,"[1, 256]","[1, 256]",1201.7,0.0,0.001,cpu_perf_counter,cpu
48,net.4,Linear,0.0059,2.7e-05,3584.0,1799,0,4,0.0066,counter,"[1, 256]","[1, 7]",1201.7,0.0,0.0,cpu_perf_counter,cpu
49,net.0,Linear,0.0082,0.000977,27648.0,14080,0,0,0.0089,counter,"[1, 54]","[1, 256]",1201.7,0.0,0.001,cpu_perf_counter,cpu
49,net.1,ReLU,0.0032,0.000977,256.0,0,0,1,0.0039,analytic,"[1, 256]","[1, 256]",1201.7,0.0,0.001,cpu_perf_counter,cpu
49,net.2,Linear,0.0105,0.000977,131072.0,65792,0,2,0.0112,counter,"[1, 256]","[1, 256]",1201.7,0.0,0.001,cpu_perf_counter,cpu
49,net.3,ReLU,0.0025,0.000977,256.0,0,0,3,0.0032,analytic,"[1, 256]","[1, 256]",1201.7,0.0,0.001,cpu_perf_counter,cpu
49,net.4,Linear,0.0056,2.7e-05,3584.0,1799,0,4,0.0063,counter,"[1, 256]","[1, 7]",1201.7,0.0,0.0,cpu_perf_counter,cpu
