layer_name,layer_type,call_index,time_ms,flops,flops_source,bytes_total,arithmetic_intensity,gflops,achieved_gflops,achieved_gbs,attainable_gflops,efficiency_pct,bound,hw_id,precision
conv_proj,Conv2d,0,0.178435,231211008.0,counter,3566592.0,64.82687338501292,0.231211008,1295.7716143133352,19.988186174237114,8100.0,15.997180423621424,compute,colab_t4,fp32
encoder.layers.encoder_layer_0.ln_1,LayerNorm,0,0.009395,756480.0,analytic,1216512.0,0.6218434343434344,0.00075648,80.51942522618414,129.4850452368281,198.989898989899,40.464076636508786,memory,colab_t4,fp32
encoder.layers.encoder_layer_0.ln_2,LayerNorm,0,0.00934,756480.0,analytic,1216512.0,0.6218434343434344,0.00075648,80.99357601713064,130.24753747323342,198.989898989899,40.70235546038545,memory,colab_t4,fp32
encoder.layers.encoder_layer_0.mlp.0,Linear,0,0.22678500000000001,929562624.0,counter,12475392.0,74.51169662644669,0.929562624,4098.871724320391,55.00977577882135,8100.0,50.60335462123939,compute,colab_t4,fp32
encoder.layers.encoder_layer_0.mlp.1,GELU,0,0.01434,4841472.0,analytic,4841472.0,1.0,0.004841472,337.6200836820084,337.6200836820084,320.0,105.50627615062763,memory,colab_t4,fp32
encoder.layers.encoder_layer_0.mlp.3,Linear,0,0.21501,929562624.0,counter,12466176.0,74.56678166584524,0.929562624,4323.346002511511,57.97951723175666,8100.0,53.37464200631496,compute,colab_t4,fp32
encoder.layers.encoder_layer_0.self_attention,MultiheadAttention,0,0.30235500000000004,1048783872.0,counter,11870208.0,88.35429606625259,1.048783872,3468.7168130178097,39.259175472540555,8100.0,42.823664358244564,compute,colab_t4,fp32
encoder.layers.encoder_layer_1.ln_1,LayerNorm,0,0.00944,756480.0,analytic,1216512.0,0.6218434343434344,0.00075648,80.13559322033898,128.86779661016948,198.989898989899,40.271186440677965,memory,colab_t4,fp32
encoder.layers.encoder_layer_1.ln_2,LayerNorm,0,0.00928,756480.0,analytic,1216512.0,0.6218434343434344,0.00075648,81.51724137931035,131.0896551724138,198.989898989899,40.96551724137931,memory,colab_t4,fp32
encoder.layers.encoder_layer_1.mlp.0,Linear,0,0.22691499999999998,929562624.0,counter,12475392.0,74.51169662644669,0.929562624,4096.523473547364,54.97826058215632,8100.0,50.57436387095511,compute,colab_t4,fp32
encoder.layers.encoder_layer_1.mlp.1,GELU,0,0.01434,4841472.0,analytic,4841472.0,1.0,0.004841472,337.6200836820084,337.6200836820084,320.0,105.50627615062763,memory,colab_t4,fp32
encoder.layers.encoder_layer_1.mlp.3,Linear,0,0.21499000000000001,929562624.0,counter,12466176.0,74.56678166584524,0.929562624,4323.748192939206,57.98491092608958,8100.0,53.37960732023711,compute,colab_t4,fp32
encoder.layers.encoder_layer_1.self_attention,MultiheadAttention,0,0.301935,1048783872.0,counter,11870208.0,88.35429606625259,1.048783872,3473.541894778677,39.31378607978538,8100.0,42.88323326887256,compute,colab_t4,fp32
encoder.layers.encoder_layer_10.ln_1,LayerNorm,0,0.009600000000000001,756480.0,analytic,1216512.0,0.6218434343434344,0.00075648,78.8,126.72,198.989898989899,39.599999999999994,memory,colab_t4,fp32
encoder.layers.encoder_layer_10.ln_2,LayerNorm,0,0.00938,756480.0,analytic,1216512.0,0.6218434343434344,0.00075648,80.64818763326227,129.69211087420044,198.989898989899,40.52878464818764,memory,colab_t4,fp32
encoder.layers.encoder_layer_10.mlp.0,Linear,0,0.22628500000000001,929562624.0,counter,12475392.0,74.51169662644669,0.929562624,4107.928603309985,55.13132554080032,8100.0,50.71516794209858,compute,colab_t4,fp32
encoder.layers.encoder_layer_10.mlp.1,GELU,0,0.01432,4841472.0,analytic,4841472.0,1.0,0.004841472,338.09162011173186,338.09162011173186,320.0,105.6536312849162,memory,colab_t4,fp32
encoder.layers.encoder_layer_10.mlp.3,Linear,0,0.21581,929562624.0,counter,12466176.0,74.56678166584524,0.929562624,4307.319512534174,57.764589222000836,8100.0,53.17678410536016,compute,colab_t4,fp32
encoder.layers.encoder_layer_10.self_attention,MultiheadAttention,0,0.30122000000000004,1048783872.0,counter,11870208.0,88.35429606625259,1.048783872,3481.7869729765616,39.40710444193612,8100.0,42.98502435773533,compute,colab_t4,fp32
encoder.layers.encoder_layer_11.ln_1,LayerNorm,0,0.00966,756480.0,analytic,1216512.0,0.6218434343434344,0.00075648,78.31055900621118,125.93291925465839,198.989898989899,39.35403726708074,memory,colab_t4,fp32
encoder.layers.encoder_layer_11.ln_2,LayerNorm,0,0.00896,756480.0,analytic,1216512.0,0.6218434343434344,0.00075648,84.42857142857144,135.7714285714286,198.989898989899,42.42857142857144,memory,colab_t4,fp32
encoder.layers.encoder_layer_11.mlp.0,Linear,0,0.22725,929562624.0,counter,12475392.0,74.51169662644669,0.929562624,4090.484594059406,54.89721452145215,8100.0,50.499809803202545,compute,colab_t4,fp32
encoder.layers.encoder_layer_11.mlp.1,GELU,0,0.01434,4841472.0,analytic,4841472.0,1.0,0.004841472,337.6200836820084,337.6200836820084,320.0,105.50627615062763,memory,colab_t4,fp32
encoder.layers.encoder_layer_11.mlp.3,Linear,0,0.215215,929562624.0,counter,12466176.0,74.56678166584524,0.929562624,4319.227860511582,57.92428966382455,8100.0,53.32380074705656,compute,colab_t4,fp32
encoder.layers.encoder_layer_11.self_attention,MultiheadAttention,0,0.30355,1048783872.0,counter,11870208.0,88.35429606625259,1.048783872,3455.0613473892276,39.104621973315766,8100.0,42.655078362829975,compute,colab_t4,fp32
encoder.layers.encoder_layer_2.ln_1,LayerNorm,0,0.00912,756480.0,analytic,1216512.0,0.6218434343434344,0.00075648,82.94736842105264,133.38947368421054,198.989898989899,41.684210526315795,memory,colab_t4,fp32
encoder.layers.encoder_layer_2.ln_2,LayerNorm,0,0.0092,756480.0,analytic,1216512.0,0.6218434343434344,0.00075648,82.22608695652174,132.22956521739133,198.989898989899,41.32173913043478,memory,colab_t4,fp32
encoder.layers.encoder_layer_2.mlp.0,Linear,0,0.22667500000000002,929562624.0,counter,12475392.0,74.51169662644669,0.929562624,4100.860809529061,55.0364707179883,8100.0,50.62791122875384,compute,colab_t4,fp32
encoder.layers.encoder_layer_2.mlp.1,GELU,0,0.014284999999999999,4841472.0,analytic,4841472.0,1.0,0.004841472,338.91998599929997,338.91998599929997,320.0,105.91249562478124,memory,colab_t4,fp32
encoder.layers.encoder_layer_2.mlp.3,Linear,0,0.21512,929562624.0,counter,12466176.0,74.56678166584524,0.929562624,4321.135291930085,57.94986984008925,8100.0,53.347349283087475,compute,colab_t4,fp32
encoder.layers.encoder_layer_2.self_attention,MultiheadAttention,0,0.302385,1048783872.0,counter,11870208.0,88.35429606625259,1.048783872,3468.3726772161317,39.25528051986706,8100.0,42.81941576810039,compute,colab_t4,fp32
encoder.layers.encoder_layer_3.ln_1,LayerNorm,0,0.00944,756480.0,analytic,1216512.0,0.6218434343434344,0.00075648,80.13559322033898,128.86779661016948,198.989898989899,40.271186440677965,memory,colab_t4,fp32
encoder.layers.encoder_layer_3.ln_2,LayerNorm,0,0.009505,756480.0,analytic,1216512.0,0.6218434343434344,0.00075648,79.58758548132562,127.98653340347187,198.989898989899,39.99579168858495,memory,colab_t4,fp32
encoder.layers.encoder_layer_3.mlp.0,Linear,0,0.22678500000000001,929562624.0,counter,12475392.0,74.51169662644669,0.929562624,4098.871724320391,55.00977577882135,8100.0,50.60335462123939,compute,colab_t4,fp32
encoder.layers.encoder_layer_3.mlp.1,GELU,0,0.01421,4841472.0,analytic,4841472.0,1.0,0.004841472,340.7087966220971,340.7087966220971,320.0,106.47149894440535,memory,colab_t4,fp32
encoder.layers.encoder_layer_3.mlp.3,Linear,0,0.21504,929562624.0,counter,12466176.0,74.56678166584524,0.929562624,4322.742857142857,57.971428571428575,8100.0,53.36719576719576,compute,colab_t4,fp32
encoder.layers.encoder_layer_3.self_attention,MultiheadAttention,0,0.302735,1048783872.0,counter,11870208.0,88.35429606625259,1.048783872,3464.3627991477697,39.20989644408476,8100.0,42.769911100589745,compute,colab_t4,fp32
encoder.layers.encoder_layer_4.ln_1,LayerNorm,0,0.00954,756480.0,analytic,1216512.0,0.6218434343434344,0.00075648,79.29559748427673,127.51698113207549,198.989898989899,39.84905660377358,memory,colab_t4,fp32
encoder.layers.encoder_layer_4.ln_2,LayerNorm,0,0.009425,756480.0,analytic,1216512.0,0.6218434343434344,0.00075648,80.26312997347482,129.07289124668438,198.989898989899,40.335278514588865,memory,colab_t4,fp32
encoder.layers.encoder_layer_4.mlp.0,Linear,0,0.2268,929562624.0,counter,12475392.0,74.51169662644669,0.929562624,4098.600634920635,55.00613756613756,8100.0,50.60000783852635,compute,colab_t4,fp32
encoder.layers.encoder_layer_4.mlp.1,GELU,0,0.01429,4841472.0,analytic,4841472.0,1.0,0.004841472,338.801399580126,338.801399580126,320.0,105.87543736878938,memory,colab_t4,fp32
encoder.layers.encoder_layer_4.mlp.3,Linear,0,0.21504,929562624.0,counter,12466176.0,74.56678166584524,0.929562624,4322.742857142857,57.971428571428575,8100.0,53.36719576719576,compute,colab_t4,fp32
encoder.layers.encoder_layer_4.self_attention,MultiheadAttention,0,0.3036,1048783872.0,counter,11870208.0,88.35429606625259,1.048783872,3454.49233201581,39.09818181818182,8100.0,42.64805348167667,compute,colab_t4,fp32
encoder.layers.encoder_layer_5.ln_1,LayerNorm,0,0.009425,756480.0,analytic,1216512.0,0.6218434343434344,0.00075648,80.26312997347482,129.07289124668438,198.989898989899,40.335278514588865,memory,colab_t4,fp32
encoder.layers.encoder_layer_5.ln_2,LayerNorm,0,0.00896,756480.0,analytic,1216512.0,0.6218434343434344,0.00075648,84.42857142857144,135.7714285714286,198.989898989899,42.42857142857144,memory,colab_t4,fp32
encoder.layers.encoder_layer_5.mlp.0,Linear,0,0.2276,929562624.0,counter,12475392.0,74.51169662644669,0.929562624,4084.1943057996486,54.81279437609842,8100.0,50.422151923452454,compute,colab_t4,fp32
encoder.layers.encoder_layer_5.mlp.1,GELU,0,0.01434,4841472.0,analytic,4841472.0,1.0,0.004841472,337.6200836820084,337.6200836820084,320.0,105.50627615062763,memory,colab_t4,fp32
encoder.layers.encoder_layer_5.mlp.3,Linear,0,0.214785,929562624.0,counter,12466176.0,74.56678166584524,0.929562624,4327.874963335428,58.04025420769607,8100.0,53.43055510290652,compute,colab_t4,fp32
encoder.layers.encoder_layer_5.self_attention,MultiheadAttention,0,0.3031,1048783872.0,counter,11870208.0,88.35429606625259,1.048783872,3460.1909336852523,39.16267898383372,8100.0,42.71840658870682,compute,colab_t4,fp32
encoder.layers.encoder_layer_6.ln_1,LayerNorm,0,0.00896,756480.0,analytic,1216512.0,0.6218434343434344,0.00075648,84.42857142857144,135.7714285714286,198.989898989899,42.42857142857144,memory,colab_t4,fp32
encoder.layers.encoder_layer_6.ln_2,LayerNorm,0,0.0089,756480.0,analytic,1216512.0,0.6218434343434344,0.00075648,84.99775280898878,136.68674157303371,198.989898989899,42.71460674157304,memory,colab_t4,fp32
encoder.layers.encoder_layer_6.mlp.0,Linear,0,0.22589,929562624.0,counter,12475392.0,74.51169662644669,0.929562624,4115.111886316348,55.22773031121342,8100.0,50.803850448349976,compute,colab_t4,fp32
encoder.layers.encoder_layer_6.mlp.1,GELU,0,0.01434,4841472.0,analytic,4841472.0,1.0,0.004841472,337.6200836820084,337.6200836820084,320.0,105.50627615062763,memory,colab_t4,fp32
encoder.layers.encoder_layer_6.mlp.3,Linear,0,0.21434,929562624.0,counter,12466176.0,74.56678166584524,0.929562624,4336.860240739013,58.16075394233461,8100.0,53.54148445356805,compute,colab_t4,fp32
encoder.layers.encoder_layer_6.self_attention,MultiheadAttention,0,0.30274999999999996,1048783872.0,counter,11870208.0,88.35429606625259,1.048783872,3464.191154417837,39.20795375722544,8100.0,42.767792029849836,compute,colab_t4,fp32
encoder.layers.encoder_layer_7.ln_1,LayerNorm,0,0.00936,756480.0,analytic,1216512.0,0.6218434343434344,0.00075648,80.82051282051282,129.9692307692308,198.989898989899,40.61538461538461,memory,colab_t4,fp32
encoder.layers.encoder_layer_7.ln_2,LayerNorm,0,0.009250000000000001,756480.0,analytic,1216512.0,0.6218434343434344,0.00075648,81.78162162162161,131.51481081081081,198.989898989899,41.09837837837838,memory,colab_t4,fp32
encoder.layers.encoder_layer_7.mlp.0,Linear,0,0.22637000000000002,929562624.0,counter,12475392.0,74.51169662644669,0.929562624,4106.386111233821,55.110624199319695,8100.0,50.696124830047175,compute,colab_t4,fp32
encoder.layers.encoder_layer_7.mlp.1,GELU,0,0.01434,4841472.0,analytic,4841472.0,1.0,0.004841472,337.6200836820084,337.6200836820084,320.0,105.50627615062763,memory,colab_t4,fp32
encoder.layers.encoder_layer_7.mlp.3,Linear,0,0.21435500000000002,929562624.0,counter,12466176.0,74.56678166584524,0.929562624,4336.5567586480365,58.15668400550488,8100.0,53.537737761086866,compute,colab_t4,fp32
encoder.layers.encoder_layer_7.self_attention,MultiheadAttention,0,0.301295,1048783872.0,counter,11870208.0,88.35429606625259,1.048783872,3480.9202675119072,39.39729500987405,8100.0,42.97432429027046,compute,colab_t4,fp32
encoder.layers.encoder_layer_8.ln_1,LayerNorm,0,0.009185,756480.0,analytic,1216512.0,0.6218434343434344,0.00075648,82.36037016875339,132.44550898203593,198.989898989899,41.38922155688623,memory,colab_t4,fp32
encoder.layers.encoder_layer_8.ln_2,LayerNorm,0,0.00928,756480.0,analytic,1216512.0,0.6218434343434344,0.00075648,81.51724137931035,131.0896551724138,198.989898989899,40.96551724137931,memory,colab_t4,fp32
encoder.layers.encoder_layer_8.mlp.0,Linear,0,0.2252,929562624.0,counter,12475392.0,74.51169662644669,0.929562624,4127.720355239787,55.39694493783304,8100.0,50.95951055851589,compute,colab_t4,fp32
encoder.layers.encoder_layer_8.mlp.1,GELU,0,0.01434,4841472.0,analytic,4841472.0,1.0,0.004841472,337.6200836820084,337.6200836820084,320.0,105.50627615062763,memory,colab_t4,fp32
encoder.layers.encoder_layer_8.mlp.3,Linear,0,0.214705,929562624.0,counter,12466176.0,74.56678166584524,0.929562624,4329.487548031019,58.061880254302416,8100.0,53.45046355593851,compute,colab_t4,fp32
encoder.layers.encoder_layer_8.self_attention,MultiheadAttention,0,0.30106,1048783872.0,counter,11870208.0,88.35429606625259,1.048783872,3483.6373878961003,39.42804756526938,8100.0,43.00786898637161,compute,colab_t4,fp32
encoder.layers.encoder_layer_9.ln_1,LayerNorm,0,0.00941,756480.0,analytic,1216512.0,0.6218434343434344,0.00075648,80.39107332624867,129.2786397449522,198.989898989899,40.39957492029755,memory,colab_t4,fp32
encoder.layers.encoder_layer_9.ln_2,LayerNorm,0,0.00904,756480.0,analytic,1216512.0,0.6218434343434344,0.00075648,83.68141592920354,134.5699115044248,198.989898989899,42.05309734513275,memory,colab_t4,fp32
encoder.layers.encoder_layer_9.mlp.0,Linear,0,0.22583999999999999,929562624.0,counter,12475392.0,74.51169662644669,0.929562624,4116.022954303932,55.23995749202976,8100.0,50.815098201283114,compute,colab_t4,fp32
encoder.layers.encoder_layer_9.mlp.1,GELU,0,0.01434,4841472.0,analytic,4841472.0,1.0,0.004841472,337.6200836820084,337.6200836820084,320.0,105.50627615062763,memory,colab_t4,fp32
encoder.layers.encoder_layer_9.mlp.3,Linear,0,0.21499000000000001,929562624.0,counter,12466176.0,74.56678166584524,0.929562624,4323.748192939206,57.98491092608958,8100.0,53.37960732023711,compute,colab_t4,fp32
encoder.layers.encoder_layer_9.self_attention,MultiheadAttention,0,0.30221,1048783872.0,counter,11870208.0,88.35429606625259,1.048783872,3470.381099235631,39.2780119784256,8100.0,42.84421110167445,compute,colab_t4,fp32
encoder.ln,LayerNorm,0,0.00941,756480.0,analytic,1216512.0,0.6218434343434344,0.00075648,80.39107332624867,129.2786397449522,198.989898989899,40.39957492029755,memory,colab_t4,fp32
heads.head,Linear,0,0.01706,1536000.0,counter,3083072.0,0.4982043883503207,0.001536,90.03516998827668,180.71934349355217,159.42540427210264,56.474794841735054,memory,colab_t4,fp32
