layer_name,layer_type,time_ms_cpu,pct_cpu,rank_cpu,time_ms_gpu,pct_gpu,rank_gpu,speedup,rank_change
encoder.layer.6.intermediate.dense,Linear,1.5754000000000001,2.796909799925257,1,0.126125,2.0209829708649965,14,12.49078295341923,-13
encoder.layer.4.intermediate.dense,Linear,1.546,2.744714073050938,2,0.12329499999999999,1.9756360387932586,23,12.539032401962773,-21
encoder.layer.5.intermediate.dense,Linear,1.5403,2.7345944933508144,3,0.124625,1.9969474945018848,20,12.359478435305919,-17
encoder.layer.3.intermediate.dense,Linear,1.5389499999999998,2.7321977507902586,4,0.12632,2.024107582792201,13,12.18294806839772,-9
encoder.layer.8.intermediate.dense,Linear,1.53135,2.7187049778567616,5,0.1248,1.9997516334109142,19,12.270432692307693,-14
encoder.layer.1.intermediate.dense,Linear,1.5303,2.716840844754107,6,0.12493,2.001834708029051,15,12.249259585367806,-9
encoder.layer.7.intermediate.dense,Linear,1.52925,2.714976711651453,7,0.12301000000000001,1.9710692982842677,24,12.431916104381756,-17
encoder.layer.10.intermediate.dense,Linear,1.5279500000000001,2.712668737333881,8,0.12493,2.001834708029051,16,12.230449051468824,-8
encoder.layer.11.intermediate.dense,Linear,1.5195,2.6976669042696635,9,0.12493,2.001834708029051,18,12.162811174257586,-9
encoder.layer.0.intermediate.dense,Linear,1.5181499999999999,2.6952701617091077,10,0.12395500000000001,1.986211648393028,22,12.24758985115566,-12
encoder.layer.8.output.dense,Linear,1.4767000000000001,2.6216812882757567,13,0.153955,2.466921175655267,8,9.591763827092333,5
encoder.layer.0.output.dense,Linear,1.46715,2.604726553865901,14,0.15396500000000002,2.467081412164355,7,9.529113759620692,7
encoder.layer.6.output.dense,Linear,1.4657499999999999,2.602241043062362,15,0.15476499999999999,2.479900332891347,4,9.470810583788325,11
encoder.layer.7.output.dense,Linear,1.4654,2.6016196653614774,16,0.15485,2.4812623432185905,3,9.46335163061027,13
encoder.layer.5.output.dense,Linear,1.4637,2.598601545100037,17,0.154045,2.468363304237054,6,9.501768963614529,11
encoder.layer.10.output.dense,Linear,1.4627,2.596826180240366,18,0.15502,2.4839863638730764,1,9.435556702360985,17
encoder.layer.3.output.dense,Linear,1.45975,2.5915888539043377,19,0.15456,2.476615484455056,5,9.444552277432713,14
encoder.layer.4.output.dense,Linear,1.4593500000000001,2.59087870796047,20,0.15347,2.4591497049645272,10,9.509024565061576,10
encoder.layer.9.output.dense,Linear,1.45245,2.5786286904287414,22,0.154995,2.483585772600358,2,9.37094744991774,20
encoder.layer.1.output.dense,Linear,1.4495,2.573391364092713,24,0.15384,2.4650784558007617,9,9.422126885075404,15
